;Rename.csv,
,
;名称输出的更替, ）で挟んでください。
,
;こ之ファイルへ之記入例）,
,
;***********************************,
;TALENT:110 , 巨乳
,
;***********************************,
,
,
,
,
;○素質へ变换,
TALENT:0 , 素質:处女
TALENT:1 , 素質:A处女
TALENT:2 , 素質:阴茎
TALENT:3 , 素質:外表年龄
TALENT:4 , 素質:V名器
TALENT:5 , 素質:A名器
TALENT:6 , 素質:喉名器
TALENT:7 , 素質:尿道名器
TALENT:9 , 素質:性経験全无
TALENT:10 , 素質:胆怯
TALENT:11 , 素質:反抗心
TALENT:12 , 素質:刚强
TALENT:13 , 素質:坦率
TALENT:14 , 素質:内向
TALENT:15 , 素質:傲慢
TALENT:16 , 素質:自大
TALENT:17 , 素質:低姿态
TALENT:18 , 素質:强硬
TALENT:19 , 素質:坏心眼
TALENT:20 , 素質:冷静
TALENT:21 , 素質:不关心
TALENT:22 , 素質:缺乏情感
TALENT:23 , 素質:好奇心
TALENT:24 , 素質:保守
TALENT:25 , 素質:开朗
TALENT:26 , 素質:阴郁
TALENT:27 , 素質:难以逾越的界线
TALENT:28 , 素質:喜欢受人注目
TALENT:30 , 素質:看重贞操
TALENT:31 , 素質:贞操无定
TALENT:32 , 素質:压抑
TALENT:33 , 素質:解放
TALENT:34 , 素質:抵抗
TALENT:35 , 素質:怕羞
TALENT:36 , 素質:不知耻
TALENT:38 , 素質:纯情
TALENT:39 , 素質:清纯
TALENT:40 , 素質:怕痛
TALENT:41 , 素質:耐痛
TALENT:42 , 素質:容易湿
TALENT:43 , 素質:不易湿
TALENT:44 , 素質:V损伤
TALENT:45 , 素質:A损伤
TALENT:46 , 素質:优雅
TALENT:47 , 素質:粗野
TALENT:48 , 素質:肠液分泌体質
TALENT:49 , 素質:被射敏感
TALENT:50 , 素質:聪慧
TALENT:51 , 素質:愚笨
TALENT:52 , 素質:嘔吐反射耐性
TALENT:53 , 素質:针术
TALENT:54 , 素質:猫舌
TALENT:55 , 素質:调合知识
TALENT:56 , 素質:药毒耐性
TALENT:57 , 素質:漏尿癖
TALENT:58 , 素質:晚泄
TALENT:59 , 素質:扩张补正
TALENT:60 , 素質:爱自慰
TALENT:61 , 素質:气味钝感
TALENT:62 , 素質:气味敏感
TALENT:63 , 素質:献身
TALENT:64 , 素質:无视脏污
TALENT:65 , 素質:百发百中
TALENT:66 , 素質:召唤之天才
TALENT:67 , 素質:召唤之天災
TALENT:69 , 素質:发情体質
TALENT:70 , 素質:接受快感
TALENT:71 , 素質:否认快感
TALENT:72 , 素質:容易成瘾
TALENT:73 , 素質:吸精体質
TALENT:74 , 素質:淫穴
TALENT:75 , 素質:好色
TALENT:76 , 素質:淫乱
TALENT:77 , 素質:尻穴狂
TALENT:78 , 素質:淫乳
TALENT:79 , 素質:淫核
TALENT:80 , 素質:性变态
TALENT:81 , 素質:通吃
TALENT:82 , 素質:嫌恶性别男
TALENT:83 , 素質:抖S
TALENT:84 , 素質:嫉妬
TALENT:85 , 素質:恋慕
TALENT:86 , 素質:妄信
TALENT:87 , 素質:小恶魔
TALENT:88 , 素質:抖M
TALENT:89 , 素質:荡唇
TALENT:90 , 素質:妖狐
TALENT:91 , 素質:魅惑
TALENT:92 , 素質:迷之魅力
TALENT:93 , 素質:偏爱
TALENT:94 , 素質:初体験对象
TALENT:96 , 素質:M钝感
TALENT:97 , 素質:M敏感
TALENT:98 , 素質:男孩子？
TALENT:99 , 素質:高大
TALENT:100 , 素質:娇小
TALENT:101 , 素質:C钝感
TALENT:102 , 素質:C敏感
TALENT:103 , 素質:V钝感
TALENT:104 , 素質:V敏感
TALENT:105 , 素質:A钝感
TALENT:106 , 素質:A敏感
TALENT:107 , 素質:B钝感
TALENT:108 , 素質:B敏感
TALENT:109 , 素質:贫乳
TALENT:110 , 素質:巨乳
TALENT:111 , 素質:回復快
TALENT:112 , 素質:回復慢
TALENT:113 , 素質:魅力
TALENT:114 , 素質:吸血鬼
TALENT:115 , 素質:日光浴
TALENT:116 , 素質:月光浴
TALENT:117 , 素質:治疗
TALENT:118 , 素質:鼓舞
TALENT:119 , 素質:一般人
TALENT:120 , 素質:性别女
TALENT:121 , 素質:扶她
TALENT:122 , 素質:性别男
TALENT:123 , 素質:狂气
TALENT:124 , 素質:兽耳
TALENT:125 , 素質:禁断之知识
TALENT:126 , 素質:人气
TALENT:127 , 素質:具现
TALENT:128 , 素質:尾巴
TALENT:129 , 素質:龙之血
TALENT:130 , 素質:泌乳体質
TALENT:131 , 素質:幼儿／幼儿退行
TALENT:132 , 素質:幼稚
TALENT:133 , 素質:早泄
TALENT:134 , 素質:童贞
TALENT:135 , 素質:孕娠
TALENT:136 , 素質:生产经历
TALENT:137 , 素質:避孕中
TALENT:138 , 素質:小臀
TALENT:139 , 素質:巨臀
TALENT:140 , 素質:喉性感
TALENT:141 , 素質:子宮性感
TALENT:142 , 素質:尿道性感
TALENT:143 , 素質:尿道狂
TALENT:150 , 素質:妖精
TALENT:151 , 素質:魔法使
TALENT:152 , 素質:拉米亚
TALENT:153 , 素質:人鱼
TALENT:154 , 素質:魔导人偶
TALENT:155 , 素質:哈比
TALENT:156 , 素質:旧日支配者的末裔
TALENT:157 , 素質:龙骑兵
TALENT:158 , 素質:史莱姆
TALENT:159 , 素質:多手
TALENT:160 , 素質:犄角
TALENT:161 , 素質:翼
TALENT:162 , 素質:力量
TALENT:163 , 素質:兽足
TALENT:164 , 素質:肤色
TALENT:165 , 素質:四足歩行
TALENT:180 , 素質:舌技
TALENT:181 , 素質:指技
TALENT:182 , 素質:足技
TALENT:183 , 素質:腰技
TALENT:184 , 素質:魔乳
TALENT:185 , 素質:调教知识
TALENT:190 , 素質:给我变成玩具啦
TALENT:191 , 素質:甜言蜜语
TALENT:192 , 素質:高潮管理
TALENT:193 , 素質:歌唱技能
TALENT:194 , 素質:弱点
TALENT:195 , 素質:性癖
TALENT:196 , 素質:将来性
TALENT:197 , 素質:中意的体位
TALENT:200 , 素質:梦魇
TALENT:201 , 素質:上位梦魇
TALENT:202 , 素質:眷属
TALENT:203 , 素質:魔王之碎片
TALENT:210 , 素質:誓約
TALENT:211 , 素質:相思相爱
TALENT:220 , 素質:阴蒂穿环
TALENT:221 , 素質:阴唇穿环
TALENT:222 , 素質:乳头穿环
TALENT:223 , 素質:肚脐穿环
TALENT:224 , 素質:避孕之護符
TALENT:225 , 素質:全天插棒
TALENT:226 , 素質:全天塞肛
TALENT:230 , 素質:小根术
TALENT:231 , 素質:高敏术
TALENT:232 , 素質:精强术
TALENT:233 , 素質:魅强术
TALENT:234 , 素質:防强术
TALENT:235 , 素質:斯道克
TALENT:236 , 素質:回复术
TALENT:237 , 素質:倍化术
TALENT:238 , 素質:解强化术
TALENT:239 , 素質:解弱化术
TALENT:240 , 素質:束缚术
TALENT:241 , 素質:全强术
TALENT:242 , 素質:大根术
TALENT:243 , 素質:快感术
TALENT:501 , 素質:EP强化
TALENT:502 , 素質:精力强化
TALENT:503 , 素質:技巧强化
TALENT:504 , 素質:精神力强化
TALENT:505 , 素質:魅力强化
TALENT:506 , 素質:弹药量増加
TALENT:510 , 素質:C强化
TALENT:511 , 素質:V强化
TALENT:512 , 素質:A强化
TALENT:513 , 素質:B强化
TALENT:514 , 素質:M强化
TALENT:520 , 素質:Ｈ氛围
TALENT:521 , 素質:实行值
TALENT:522 , 素質:得到的快感
TALENT:523 , 素質:逆推率
TALENT:524 , 素質:取得経験值率
TALENT:530 , 素質:被动技：精强术
TALENT:531 , 素質:被动技：小根术
TALENT:532 , 素質:被动技：高敏术
TALENT:533 , 素質:被动技：大根术
TALENT:550 , 素質:隐密
TALENT:551 , 素質:宝箱出现率
TALENT:552 , 素質:门扉发现率
,
;○能力へ变换,
ABL:0 , 能力:顺从
ABL:1 , 能力:欲望
ABL:2 , 能力:技巧
ABL:3 , 能力:C感觉
ABL:4 , 能力:V感觉
ABL:5 , 能力:A感觉
ABL:6 , 能力:侍奉精神
ABL:7 , 能力:露阴癖
ABL:8 , 能力:M属性
ABL:9 , 能力:百合属性
ABL:10 , 能力:自慰成瘾
ABL:11 , 能力:精液成瘾
ABL:13 , 能力:男同属性
ABL:14 , 能力:B感觉
ABL:15 , 能力:S属性
ABL:16 , 能力:M感觉
ABL:20 , 能力:尿道扩张
ABL:21 , 能力:尿道名器度
ABL:22 , 能力:V技巧
ABL:23 , 能力:V扩张
ABL:24 , 能力:V名器度
ABL:25 , 能力:A技巧
ABL:26 , 能力:A扩张
ABL:27 , 能力:A名器度
ABL:28 , 能力:喉扩张
ABL:29 , 能力:喉名器度
ABL:30 , 能力:舌技
ABL:31 , 能力:指技
ABL:32 , 能力:足技
ABL:33 , 能力:腰技
ABL:34 , 能力:魔乳
ABL:40 , 能力:手
ABL:41 , 能力:口
ABL:42 , 能力:胸
ABL:43 , 能力:足
ABL:44 , 能力:顔面骑乘
ABL:45 , 能力:骑乘位
ABL:46 , 能力:接吻
ABL:47 , 能力:肛虐
ABL:48 , 能力:强暴
ABL:49 , 能力:素股
ABL:50 , 能力:道具
ABL:90 , 能力:LV
ABL:91 , 能力:助手
,
;○珠へ变换,
JUEL:0 , 珠:快C
JUEL:1 , 珠:快V
JUEL:2 , 珠:快A
JUEL:4 , 珠:恭顺
JUEL:5 , 珠:欲情
JUEL:6 , 珠:屈服
JUEL:7 , 珠:习得
JUEL:8 , 珠:恥情
JUEL:9 , 珠:苦痛
JUEL:10 , 珠:恐怖
JUEL:11 , 珠:反感
JUEL:14 , 珠:快B
JUEL:15 , 珠:快M
JUEL:20 , 珠:快CBＯＮＵS
JUEL:21 , 珠:快VBＯＮＵS
JUEL:22 , 珠:快ABＯＮＵS
JUEL:23 , 珠:快BBＯＮＵS
JUEL:24 , 珠:快MBＯＮＵS
,
;○経験へ变换,
EXP:0 , 経験:V经验
EXP:1 , 経験:A经验
EXP:2 , 経験:绝顶経験
EXP:3 , 経験:射精経験
EXP:4 , 経験:助手経験
EXP:5 , 経験:経験值
EXP:6 , 経験:高潮回数
EXP:7 , 経験:调教回数
EXP:8 , 経験:子宮経験
EXP:9 , 経験:
EXP:10 , 経験:自慰経験
EXP:11 , 経験:处女篡夺経験
EXP:12 , 経験:V性交経験
EXP:13 , 経験:A性交経験
EXP:14 , 経験:童贞猎取経験
EXP:15 , 経験:V插入経験
EXP:16 , 経験:A插入経験
EXP:17 , 経験:膣内精液経験
EXP:18 , 経験:肛内精液経験
EXP:19 , 経験:饮精経験
EXP:20 , 経験:精液経験
EXP:21 , 経験:奉仕快乐経験
EXP:22 , 経験:口交経験
EXP:23 , 経験:手交経験
EXP:24 , 経験:足交経験
EXP:25 , 経験:腰技経験
EXP:26 , 経験:乳交経験
EXP:27 , 経験:肛虐経験
EXP:28 , 経験:舐阴経験
EXP:29 , 経験:刺激尿道経験
EXP:30 , 経験:被虐快乐経験
EXP:31 , 経験:放尿経験
EXP:32 , 経験:嗜虐快乐経験
EXP:33 , 経験:漏尿経験
EXP:34 , 経験:露出経験
EXP:35 , 経験:灌肠経験
EXP:36 , 経験:羞恥快乐経験
EXP:37 , 経験:剃毛経験
EXP:38 , 経験:尿道経験
EXP:40 , 経験:百合経験
EXP:41 , 経験:男同経験
EXP:42 , 経験:SM経験
EXP:43 , 経験:圣水経験
EXP:44 , 経験:饮尿経験
EXP:45 , 経験:B性交経験
EXP:46 , 経験:B插入経験
EXP:47 , 経験:乳内精液経験
EXP:48 , 経験:膣内浴尿経験
EXP:49 , 経験:温泉灌肠経験
EXP:50 , 経験:异常経験
EXP:51 , 経験:紧縛経験
EXP:53 , 経験:V扩张经验
EXP:54 , 経験:喷乳経験
EXP:55 , 経験:触手経験
EXP:56 , 経験:史莱姆経験
EXP:57 , 経験:A扩张经验
EXP:58 , 経験:媚药経験
EXP:59 , 経験:摄影経験
EXP:60 , 経験:歌唱経験
EXP:61 , 経験:V龙奸経験
EXP:62 , 経験:穿环経験
EXP:63 , 経験:A龙奸経験
EXP:64 , 経験:V损伤経験
EXP:65 , 経験:A损伤経験
EXP:66 , 経験:V拳交経験
EXP:67 , 経験:A拳交経験
EXP:68 , 経験:子宮奸経験
EXP:69 , 経験:子宮浴尿経験
EXP:70 , 経験:接吻経験
EXP:71 , 経験:吮指経験
EXP:72 , 経験:吸精経験
EXP:73 , 経験:授乳経験
EXP:74 , 経験:饮乳経験
EXP:75 , 経験:乳内浴尿経験
EXP:76 , 経験:喉性交経験
EXP:77 , 経験:尿道扩张経験
EXP:78 , 経験:尿道性交経験
EXP:79 , 経験:尿道插入経験
EXP:80 , 経験:膀胱精液経験
EXP:81 , 経験:输尿経験
,
;○道具へ变换,
ITEM:0 , 道具:跳蛋
ITEM:1 , 道具:按摩棒
ITEM:2 , 道具:电动按摩器
ITEM:3 , 道具:肛用按摩棒
ITEM:4 , 道具:假阴茎
ITEM:5 , 道具:眼罩
ITEM:6 , 道具:摄像机
ITEM:7 , 道具:阴蒂夹
ITEM:8 , 道具:乳头夹
ITEM:9 , 道具:口塞套件
ITEM:10 , 道具:鞭
ITEM:11 , 道具:针
ITEM:12 , 道具:飞机杯
ITEM:13 , 道具:地垫
ITEM:14 , 道具:拘束工具
ITEM:15 , 道具:灌肠器＋肛塞
ITEM:16 , 道具:穿环套件
ITEM:17 , 道具:搾乳器
ITEM:18 , 道具:项圈
ITEM:19 , 道具:触手使役術
ITEM:20 , 道具:围裙
ITEM:21 , 道具:大鏡
ITEM:22 , 道具:打气筒
ITEM:23 , 道具:扩张扩张气囊
ITEM:24 , 道具:导尿管
ITEM:25 , 道具:肛珠
ITEM:26 , 道具:魔法瓶
ITEM:27 , 道具:夜之阳傘
ITEM:30 , 道具:润滑液
ITEM:31 , 道具:媚药
ITEM:32 , 道具:利尿剂
ITEM:33 , 道具:录像带
ITEM:34 , 道具:镇静剂
ITEM:35 , 道具:排卵诱发剂
ITEM:36 , 道具:沐浴剂
ITEM:37 , 道具:肌肉松弛剂
ITEM:40 , 道具:茉莉香
ITEM:41 , 道具:薰衣草香
ITEM:42 , 道具:麝香
ITEM:43 , 道具:檀香
ITEM:44 , 道具:迷迭香
ITEM:49 , 道具:乳香
ITEM:50 , 道具:元气之药
ITEM:51 , 道具:扶她药
ITEM:55 , 道具:青色糖果
ITEM:56 , 道具:赤色糖果
ITEM:57 , 道具:黒色糖果
ITEM:58 , 道具:白色糖果
ITEM:60 , 道具:☆技巧Lv
ITEM:61 , 道具:☆高潮管理
ITEM:62 , 道具:☆无视脏污
ITEM:64 , 道具:☆禁断之知识
ITEM:65 , 道具:☆调合大全
ITEM:66 , 道具:☆调教知识
ITEM:70 , 道具:生毛药
ITEM:71 , 道具:脱毛剂
ITEM:72 , 道具:口服避孕药
ITEM:73 , 道具:紧急避孕药
ITEM:74 , 道具:避孕之護符
ITEM:78 , 道具:淫魔水滴
ITEM:79 , 道具:精液储蓄量
ITEM:90 , 道具:誓約之巻轴
ITEM:91 , 道具:誓約之指环
ITEM:94 , 道具:扭曲之时钟
ITEM:95 , 道具:化蝶之梦
ITEM:96 , 道具:砥砺思维之石
ITEM:97 , 道具:等级限制器
ITEM:98 , 道具:記憶消去药
ITEM:99 , 道具:月之糖果
ITEM:101 , 道具:魅魔
ITEM:102 , 道具:因普
ITEM:103 , 道具:树仙
ITEM:104 , 道具:皮克西
ITEM:105 , 道具:希尔芙
ITEM:106 , 道具:猫又
ITEM:107 , 道具:狼女
ITEM:108 , 道具:村女
ITEM:109 , 道具:V.村女
ITEM:110 , 道具:拉米亚
ITEM:111 , 道具:哈比
ITEM:112 , 道具:蜥蜴女
ITEM:113 , 道具:人鱼
ITEM:114 , 道具:飞天
ITEM:115 , 道具:海妖
ITEM:116 , 道具:葛叶
ITEM:117 , 道具:梅芙女王
ITEM:118 , 道具:阿拉克涅
ITEM:119 , 道具:女巫
ITEM:120 , 道具:天使
ITEM:121 , 道具:路西法
ITEM:122 , 道具:女忍
ITEM:123 , 道具:白兔
ITEM:124 , 道具:莎乐美
ITEM:125 , 道具:吸血姬
ITEM:126 , 道具:龙骑兵
ITEM:127 , 道具:女占卜家
ITEM:128 , 道具:女士兵
ITEM:129 , 道具:史莱姆
ITEM:130 , 道具:独角兽
ITEM:131 , 道具:哥布林
ITEM:132 , 道具:玛夏
ITEM:133 , 道具:宝箱怪
ITEM:134 , 道具:斯图娜
ITEM:135 , 道具:梅罗娜
ITEM:137 , 道具:芙蕾德莉卡
ITEM:138 , 道具:爱丝普拉娜
ITEM:139 , 道具:莉兹?拉兹
ITEM:140 , 道具:萝柯?芭萝柯
ITEM:141 , 道具:炸脖龙
ITEM:142 , 道具:捆攫妖
ITEM:143 , 道具:伽伽鸟
ITEM:144 , 道具:小铃
ITEM:146 , 道具:克拉拉
ITEM:147 , 道具:贝尔娜多忒
ITEM:148 , 道具:爱丝忒
ITEM:149 , 道具:芬布尔薇特
ITEM:150 , 道具:斯黛拉
ITEM:152 , 道具:露薇莎
ITEM:154 , 道具:梅尔娅
ITEM:155 , 道具:少女
ITEM:157 , 道具:黒萨菲
ITEM:158 , 道具:三月兔
ITEM:159 , 道具:朵洛雷丝
ITEM:160 , 道具:蜜蜂娘
ITEM:161 , 道具:战乙女
ITEM:194 , 道具:拉尔斯
ITEM:198 , 道具:您
ITEM:300 , 道具:瓷質茶匙
ITEM:301 , 道具:瓷質茶杯
ITEM:302 , 道具:银質茶匙
ITEM:303 , 道具:银制茶杯
ITEM:304 , 道具:秘银茶匙
ITEM:305 , 道具:秘银茶杯
ITEM:310 , 道具:罗兹尼尔詩集
ITEM:311 , 道具:灼焼思考之炎
ITEM:312 , 道具:紋白蝶
ITEM:320 , 道具:朦胧手镯
ITEM:321 , 道具:朦胧袖饰
ITEM:322 , 道具:朦胧手套
ITEM:323 , 道具:朦胧绶带
ITEM:324 , 道具:朦胧指环
ITEM:325 , 道具:朦胧宝石
ITEM:330 , 道具:巨根药
ITEM:331 , 道具:缩根药
ITEM:332 , 道具:剥皮药
ITEM:333 , 道具:伸皮药
ITEM:334 , 道具:丰胸药
ITEM:335 , 道具:贫乳药
ITEM:336 , 道具:巨人之药
ITEM:337 , 道具:小人之药
ITEM:338 , 道具:虹之药
ITEM:339 , 道具:桃尻药
ITEM:340 , 道具:小臀药
ITEM:341 , 道具:淫紋
ITEM:401 , 道具:梦魇之比基尼
ITEM:402 , 道具:小恶魔打底裤
ITEM:410 , 道具:拉米亚之鱗
ITEM:411 , 道具:哈比之羽根
ITEM:500 , 道具:女教師
ITEM:501 , 道具:和服
ITEM:502 , 道具:妹抖服
ITEM:503 , 道具:体操服
ITEM:504 , 道具:护士服
ITEM:505 , 道具:旗袍
ITEM:506 , 道具:水手服
ITEM:507 , 道具:巫女服
ITEM:508 , 道具:吊带睡裙
ITEM:509 , 道具:婚礼裙装
ITEM:510 , 道具:哥特萝莉洋装
ITEM:511 , 道具:拉拉队服
ITEM:512 , 道具:睡衣
ITEM:520 , 道具:比基尼
ITEM:521 , 道具:学校泳装
ITEM:522 , 道具:糟糕体操紧身服
ITEM:523 , 道具:紧缚衣
ITEM:524 , 道具:兔女郎装
ITEM:525 , 道具:连身泳装
ITEM:600 , 道具:小根术
ITEM:601 , 道具:高敏术
ITEM:602 , 道具:精强术
ITEM:603 , 道具:魅强术
ITEM:604 , 道具:防强术
ITEM:605 , 道具:斯道克
ITEM:606 , 道具:回复术
ITEM:607 , 道具:倍化术
ITEM:608 , 道具:解强化术
ITEM:609 , 道具:解弱化术
ITEM:610 , 道具:束缚术
ITEM:611 , 道具:全强术
ITEM:612 , 道具:大根术
ITEM:613 , 道具:快感术
,
;○刻印へ变换,
MARK:0 , 刻印:苦痛刻印
MARK:1 , 刻印:快乐刻印
MARK:2 , 刻印:屈服刻印
MARK:3 , 刻印:反抗刻印
MARK:4 , 刻印:反抗刻印之取得履历
MARK:5 , 刻印:主人屈服刻印
MARK:6 , 刻印:龙奸刻印
MARK:7 , 刻印:V龙奸克服刻印
MARK:8 , 刻印:淫紋
MARK:9 , 刻印:攻略刻印
MARK:10 , 刻印:机嫌
,
;○パラへ变换,
PALAM:0 , パラ:快C
PALAM:1 , パラ:快V
PALAM:2 , パラ:快A
PALAM:3 , パラ:V润
PALAM:4 , パラ:恭顺
PALAM:5 , パラ:欲情
PALAM:6 , パラ:屈服
PALAM:7 , パラ:习得
PALAM:8 , パラ:恥情
PALAM:9 , パラ:苦痛
PALAM:10 , パラ:恐怖
PALAM:11 , パラ:反感
PALAM:12 , パラ:A润
PALAM:13 , パラ:抑郁
PALAM:14 , パラ:快B
PALAM:15 , パラ:快M
PALAM:16 , パラ:P润
PALAM:21 , パラ:膣内精液量
PALAM:22 , パラ:肠内精液量
PALAM:23 , パラ:Extacy
PALAM:24 , パラ:连续绝顶COMBO数
PALAM:25 , パラ:绝顶回数
PALAM:26 , パラ:补正值
PALAM:27 , パラ:绝顶部位之記录
,
;○调教へ变换,
TRAIN:0 , 调教:爱抚
TRAIN:1 , 调教:舐阴
TRAIN:2 , 调教:肛门爱抚
TRAIN:3 , 调教:自慰
TRAIN:4 , 调教:调教者口交
TRAIN:5 , 调教:胸爱抚
TRAIN:6 , 调教:接吻
TRAIN:7 , 调教:阴部爱抚
TRAIN:8 , 调教:手指插入
TRAIN:9 , 调教:舐肛
TRAIN:10 , 调教:调教者手交
TRAIN:11 , 调教:调教者乳交
TRAIN:12 , 调教:调教者足交
TRAIN:13 , 调教:展示阴道
TRAIN:14 , 调教:展示肛门
TRAIN:15 , 调教:尿道手指插入
TRAIN:16 , 调教:搞基
TRAIN:17 , 调教:～予备～
TRAIN:24 , 调教:称賛
TRAIN:25 , 调教:～予备～
TRAIN:30 , 调教:跳蛋
TRAIN:31 , 调教:按摩棒
TRAIN:32 , 调教:电动按摩器
TRAIN:33 , 调教:肛用按摩棒
TRAIN:34 , 调教:阴蒂夹
TRAIN:35 , 调教:乳头夹
TRAIN:36 , 调教:搾乳机
TRAIN:37 , 调教:飞机杯
TRAIN:38 , 调教:淋浴
TRAIN:39 , 调教:跳蛋插入
TRAIN:40 , 调教:～予备～
TRAIN:41 , 调教:～予备～
TRAIN:42 , 调教:～予备～
TRAIN:43 , 调教:～予备～
TRAIN:44 , 调教:～予备～
TRAIN:60 , 调教:正常位
TRAIN:61 , 调教:后背位
TRAIN:62 , 调教:屈曲位
TRAIN:63 , 调教:对面座位
TRAIN:64 , 调教:背面座位
TRAIN:65 , 调教:骑乘位
TRAIN:66 , 调教:进攻Ｇ点
TRAIN:67 , 调教:进攻子宮口
TRAIN:68 , 调教:子宮插入
TRAIN:69 , 调教:～予备～
TRAIN:70 , 调教:肛交正常位
TRAIN:71 , 调教:肛交后背位
TRAIN:72 , 调教:肛交屈曲位
TRAIN:73 , 调教:肛交对面座位
TRAIN:74 , 调教:肛交背面座位
TRAIN:75 , 调教:肛交骑乘位
TRAIN:76 , 调教:～予备～
TRAIN:77 , 调教:～予备～
TRAIN:78 , 调教:～予备～
TRAIN:79 , 调教:～予备～
TRAIN:80 , 调教:黒桃A
TRAIN:81 , 调教:两乳间抽插
TRAIN:82 , 调教:乳头奸
TRAIN:83 , 调教:尿道插入
TRAIN:84 , 调教:～予备～
TRAIN:90 , 调教:手交
TRAIN:91 , 调教:口交
TRAIN:92 , 调教:乳交
TRAIN:93 , 调教:素股
TRAIN:94 , 调教:洗浴服务
TRAIN:95 , 调教:足交
TRAIN:96 , 调教:舐肛奉侍
TRAIN:97 , 调教:摩擦胖次
TRAIN:98 , 调教:舐阴奉侍
TRAIN:99 , 调教:六九式
TRAIN:100 , 调教:摩擦学校泳装
TRAIN:101 , 调教:～予备～
TRAIN:102 , 调教:～予备～
TRAIN:103 , 调教:～予备～
TRAIN:104 , 调教:两乳夹头
TRAIN:105 , 调教:飞机杯奉侍
TRAIN:106 , 调教:逆按摩棒
TRAIN:107 , 调教:逆肛用按摩棒
TRAIN:108 , 调教:～予备～
TRAIN:109 , 调教:～予备～
TRAIN:110 , 调教:～予备～
TRAIN:111 , 调教:～予备～
TRAIN:112 , 调教:～予备～
TRAIN:113 , 调教:～予备～
TRAIN:114 , 调教:～予备～
TRAIN:120 , 调教:正常位奉仕
TRAIN:121 , 调教:后背位奉仕
TRAIN:122 , 调教:骑乘位逆奸
TRAIN:123 , 调教:～予备～
TRAIN:124 , 调教:～予备～
TRAIN:125 , 调教:A正常位奉仕
TRAIN:126 , 调教:A后背位奉仕
TRAIN:127 , 调教:A骑乘位逆奸
TRAIN:128 , 调教:～予备～
TRAIN:129 , 调教:～予备～
TRAIN:130 , 调教:打屁股
TRAIN:131 , 调教:鞭
TRAIN:132 , 调教:针
TRAIN:133 , 调教:眼罩
TRAIN:134 , 调教:绳?拘束
TRAIN:135 , 调教:口枷
TRAIN:136 , 调教:灌肠器＋肛塞
TRAIN:137 , 调教:扩张扩张气囊
TRAIN:138 , 调教:尿浴
TRAIN:139 , 调教:什么也不做
TRAIN:140 , 调教:口奸
TRAIN:141 , 调教:拳交
TRAIN:142 , 调教:肛门拳交
TRAIN:143 , 调教:两穴拳交
TRAIN:144 , 调教:放尿
TRAIN:145 , 调教:剃毛
TRAIN:146 , 调教:装具管理
TRAIN:147 , 调教:饮精
TRAIN:148 , 调教:穿刺
TRAIN:149 , 调教:导尿管
TRAIN:150 , 调教:深喉口交
TRAIN:151 , 调教:尿道ブジー
TRAIN:152 , 调教:～予备～
TRAIN:153 , 调教:～予备～
TRAIN:154 , 调教:～予备～
TRAIN:160 , 调教:助手性交
TRAIN:161 , 调教:插入助手
TRAIN:162 , 调教:助手口交
TRAIN:163 , 调教:助手接吻
TRAIN:164 , 调教:～予备～
TRAIN:170 , 调教:摄像机
TRAIN:171 , 调教:野外PLAY
TRAIN:172 , 调教:浴室PLAY
TRAIN:173 , 调教:新婚PLAY
TRAIN:174 , 调教:屋内露出PLAY
TRAIN:175 , 调教:换装
TRAIN:176 , 调教:逆推
TRAIN:177 , 调教:爱之圈套
TRAIN:178 , 调教:双人逆推
TRAIN:179 , 调教:羞恥PLAY
TRAIN:180 , 调教:～予备～
TRAIN:181 , 调教:～予备～
TRAIN:182 , 调教:～予备～
TRAIN:183 , 调教:～予备～
TRAIN:184 , 调教:～予备～
TRAIN:200 , 调教:触手召唤
TRAIN:201 , 调教:触手插入
TRAIN:202 , 调教:触手插肛
TRAIN:203 , 调教:触手揉阴
TRAIN:204 , 调教:触手蹂躏乳头
TRAIN:205 , 调教:触手搾乳
TRAIN:206 , 调教:触手紧縛
TRAIN:207 , 调教:触手灌肠
TRAIN:208 , 调教:触手口辱
TRAIN:209 , 调教:触手蹂躏阴茎
TRAIN:210 , 调教:触手活塞运动
TRAIN:211 , 调教:～予备～
TRAIN:212 , 调教:～予备～
TRAIN:213 , 调教:～予备～
TRAIN:214 , 调教:～予备～
TRAIN:230 , 调教:小根术
TRAIN:231 , 调教:高敏术
TRAIN:232 , 调教:精强术
TRAIN:233 , 调教:魅强术
TRAIN:234 , 调教:防强术
TRAIN:235 , 调教:斯道克
TRAIN:236 , 调教:回复术
TRAIN:237 , 调教:倍化术
TRAIN:238 , 调教:解强化术
TRAIN:239 , 调教:解弱化术
TRAIN:240 , 调教:束缚术
TRAIN:241 , 调教:全强术
TRAIN:242 , 调教:大根术
TRAIN:243 , 调教:快感术
TRAIN:244 , 调教:～予备～
TRAIN:260 , 调教:润滑液
TRAIN:261 , 调教:媚药
TRAIN:262 , 调教:利尿剂
TRAIN:263 , 调教:镇静剂
TRAIN:264 , 调教:排卵诱发剂
TRAIN:265 , 调教:薫香
TRAIN:266 , 调教:沐浴剂
TRAIN:267 , 调教:肌肉松弛剂
TRAIN:268 , 调教:～予备～
TRAIN:269 , 调教:～予备～
TRAIN:280 , 调教:挣脱
TRAIN:281 , 调教:任凭摆布
TRAIN:282 , 调教:～予备～
TRAIN:283 , 调教:～予备～
TRAIN:284 , 调教:～予备～
TRAIN:300 , 调教:甜言蜜语
TRAIN:301 , 调教:高潮管理
TRAIN:302 , 调教:唱支歌
TRAIN:303 , 调教:紧夹
TRAIN:304 , 调教:龙奸
TRAIN:305 , 调教:肛门龙奸
TRAIN:306 , 调教:皮肤硬化
TRAIN:307 , 调教:噗噜噜插入
TRAIN:308 , 调教:肛门噗噜噜插入
TRAIN:311 , 调教:熔融之吻
TRAIN:312 , 调教:具现
,
;◆eramakerViewによる扩张项目,
;●基礎へ变换,
BASE:0 , 基礎:体力
BASE:1 , 基礎:气力
BASE:2 , 基礎:绝顶
BASE:3 , 基礎:喷乳
BASE:4 , 基礎:触手
BASE:5 , 基礎:龙
BASE:6 , 基礎:精力
BASE:7 , 基礎:斯道克
BASE:8 , 基礎:尿意
BASE:9 , 基礎:排泄欲
BASE:10 , 基礎:性欲
BASE:11 , 基礎:精液欲
BASE:12 , 基礎:快感许容值女
BASE:13 , 基礎:快感许容值男
BASE:14 , 基礎:欲求不满
BASE:15 , 基礎:排泄物
BASE:16 , 基礎:老废物
BASE:20 , 基礎:身长
BASE:21 , 基礎:胸部
BASE:22 , 基礎:罩杯
BASE:23 , 基礎:腰部
BASE:24 , 基礎:臀部
BASE:25 , 基礎:身长之追加要素
BASE:26 , 基礎:阴毛
BASE:27 , 基礎:胸部之成长
BASE:28 , 基礎:腋毛
BASE:30 , 基礎:バイオ莉兹ム
BASE:31 , 基礎:胎内精子量
BASE:32 , 基礎:精液之优勢
BASE:33 , 基礎:胎儿之父亲
BASE:34 , 基礎:胎儿
BASE:35 , 基礎:育儿中
BASE:36 , 基礎:胎内精液量
BASE:37 , 基礎:胎儿へ之栄養
BASE:40 , 基礎:诞生日
BASE:41 , 基礎:种族
BASE:42 , 基礎:父亲
BASE:43 , 基礎:母亲
BASE:44 , 基礎:何番目
BASE:45 , 基礎:世代
BASE:46 , 基礎:属性
BASE:47 , 基礎:第二诞生日
BASE:48 , 基礎:眷属
BASE:50 , 基礎:种族思考
BASE:51 , 基礎:识别番号
BASE:52 , 基礎:化蝶之梦
,
;●基礎:调教者へ变换,
BASE:PLAYER:0 , 基礎:调教者:体力
BASE:PLAYER:1 , 基礎:调教者:气力
BASE:PLAYER:2 , 基礎:调教者:绝顶
BASE:PLAYER:3 , 基礎:调教者:喷乳
BASE:PLAYER:4 , 基礎:调教者:触手
BASE:PLAYER:5 , 基礎:调教者:龙
BASE:PLAYER:6 , 基礎:调教者:精力
BASE:PLAYER:7 , 基礎:调教者:斯道克
BASE:PLAYER:8 , 基礎:调教者:尿意
BASE:PLAYER:9 , 基礎:调教者:排泄欲
BASE:PLAYER:10 , 基礎:调教者:性欲
BASE:PLAYER:11 , 基礎:调教者:精液欲
BASE:PLAYER:12 , 基礎:调教者:快感许容值女
BASE:PLAYER:13 , 基礎:调教者:快感许容值男
BASE:PLAYER:14 , 基礎:调教者:欲求不满
BASE:PLAYER:15 , 基礎:调教者:排泄物
BASE:PLAYER:16 , 基礎:调教者:老废物
BASE:PLAYER:20 , 基礎:调教者:身长
BASE:PLAYER:21 , 基礎:调教者:胸部
BASE:PLAYER:22 , 基礎:调教者:罩杯
BASE:PLAYER:23 , 基礎:调教者:腰部
BASE:PLAYER:24 , 基礎:调教者:臀部
BASE:PLAYER:25 , 基礎:调教者:身长之追加要素
BASE:PLAYER:26 , 基礎:调教者:阴毛
BASE:PLAYER:27 , 基礎:调教者:胸部之成长
BASE:PLAYER:28 , 基礎:调教者:腋毛
BASE:PLAYER:30 , 基礎:调教者:バイオ莉兹ム
BASE:PLAYER:31 , 基礎:调教者:胎内精子量
BASE:PLAYER:32 , 基礎:调教者:精液之优勢
BASE:PLAYER:33 , 基礎:调教者:胎儿之父亲
BASE:PLAYER:34 , 基礎:调教者:胎儿
BASE:PLAYER:35 , 基礎:调教者:育儿中
BASE:PLAYER:36 , 基礎:调教者:胎内精液量
BASE:PLAYER:37 , 基礎:调教者:胎儿へ之栄養
BASE:PLAYER:40 , 基礎:调教者:诞生日
BASE:PLAYER:41 , 基礎:调教者:种族
BASE:PLAYER:42 , 基礎:调教者:父亲
BASE:PLAYER:43 , 基礎:调教者:母亲
BASE:PLAYER:44 , 基礎:调教者:何番目
BASE:PLAYER:45 , 基礎:调教者:世代
BASE:PLAYER:46 , 基礎:调教者:属性
BASE:PLAYER:47 , 基礎:调教者:第二诞生日
BASE:PLAYER:48 , 基礎:调教者:眷属
BASE:PLAYER:50 , 基礎:调教者:种族思考
BASE:PLAYER:51 , 基礎:调教者:识别番号
BASE:PLAYER:52 , 基礎:调教者:化蝶之梦
,
;●基礎:主人へ变换,
BASE:MASTER:0 , 基礎:主人:体力
BASE:MASTER:1 , 基礎:主人:气力
BASE:MASTER:2 , 基礎:主人:绝顶
BASE:MASTER:3 , 基礎:主人:喷乳
BASE:MASTER:4 , 基礎:主人:触手
BASE:MASTER:5 , 基礎:主人:龙
BASE:MASTER:6 , 基礎:主人:精力
BASE:MASTER:7 , 基礎:主人:斯道克
BASE:MASTER:8 , 基礎:主人:尿意
BASE:MASTER:9 , 基礎:主人:排泄欲
BASE:MASTER:10 , 基礎:主人:性欲
BASE:MASTER:11 , 基礎:主人:精液欲
BASE:MASTER:12 , 基礎:主人:快感许容值女
BASE:MASTER:13 , 基礎:主人:快感许容值男
BASE:MASTER:14 , 基礎:主人:欲求不满
BASE:MASTER:15 , 基礎:主人:排泄物
BASE:MASTER:16 , 基礎:主人:老废物
BASE:MASTER:20 , 基礎:主人:身长
BASE:MASTER:21 , 基礎:主人:胸部
BASE:MASTER:22 , 基礎:主人:罩杯
BASE:MASTER:23 , 基礎:主人:腰部
BASE:MASTER:24 , 基礎:主人:臀部
BASE:MASTER:25 , 基礎:主人:身长之追加要素
BASE:MASTER:26 , 基礎:主人:阴毛
BASE:MASTER:27 , 基礎:主人:胸部之成长
BASE:MASTER:28 , 基礎:主人:腋毛
BASE:MASTER:30 , 基礎:主人:バイオ莉兹ム
BASE:MASTER:31 , 基礎:主人:胎内精子量
BASE:MASTER:32 , 基礎:主人:精液之优勢
BASE:MASTER:33 , 基礎:主人:胎儿之父亲
BASE:MASTER:34 , 基礎:主人:胎儿
BASE:MASTER:35 , 基礎:主人:育儿中
BASE:MASTER:36 , 基礎:主人:胎内精液量
BASE:MASTER:37 , 基礎:主人:胎儿へ之栄養
BASE:MASTER:40 , 基礎:主人:诞生日
BASE:MASTER:41 , 基礎:主人:种族
BASE:MASTER:42 , 基礎:主人:父亲
BASE:MASTER:43 , 基礎:主人:母亲
BASE:MASTER:44 , 基礎:主人:何番目
BASE:MASTER:45 , 基礎:主人:世代
BASE:MASTER:46 , 基礎:主人:属性
BASE:MASTER:47 , 基礎:主人:第二诞生日
BASE:MASTER:48 , 基礎:主人:眷属
BASE:MASTER:50 , 基礎:主人:种族思考
BASE:MASTER:51 , 基礎:主人:识别番号
BASE:MASTER:52 , 基礎:主人:化蝶之梦
,
;●基礎:助手へ变换,
BASE:ASSI:0 , 基礎:助手:体力
BASE:ASSI:1 , 基礎:助手:气力
BASE:ASSI:2 , 基礎:助手:绝顶
BASE:ASSI:3 , 基礎:助手:喷乳
BASE:ASSI:4 , 基礎:助手:触手
BASE:ASSI:5 , 基礎:助手:龙
BASE:ASSI:6 , 基礎:助手:精力
BASE:ASSI:7 , 基礎:助手:斯道克
BASE:ASSI:8 , 基礎:助手:尿意
BASE:ASSI:9 , 基礎:助手:排泄欲
BASE:ASSI:10 , 基礎:助手:性欲
BASE:ASSI:11 , 基礎:助手:精液欲
BASE:ASSI:12 , 基礎:助手:快感许容值女
BASE:ASSI:13 , 基礎:助手:快感许容值男
BASE:ASSI:14 , 基礎:助手:欲求不满
BASE:ASSI:15 , 基礎:助手:排泄物
BASE:ASSI:16 , 基礎:助手:老废物
BASE:ASSI:20 , 基礎:助手:身长
BASE:ASSI:21 , 基礎:助手:胸部
BASE:ASSI:22 , 基礎:助手:罩杯
BASE:ASSI:23 , 基礎:助手:腰部
BASE:ASSI:24 , 基礎:助手:臀部
BASE:ASSI:25 , 基礎:助手:身长之追加要素
BASE:ASSI:26 , 基礎:助手:阴毛
BASE:ASSI:27 , 基礎:助手:胸部之成长
BASE:ASSI:28 , 基礎:助手:腋毛
BASE:ASSI:30 , 基礎:助手:バイオ莉兹ム
BASE:ASSI:31 , 基礎:助手:胎内精子量
BASE:ASSI:32 , 基礎:助手:精液之优勢
BASE:ASSI:33 , 基礎:助手:胎儿之父亲
BASE:ASSI:34 , 基礎:助手:胎儿
BASE:ASSI:35 , 基礎:助手:育儿中
BASE:ASSI:36 , 基礎:助手:胎内精液量
BASE:ASSI:37 , 基礎:助手:胎儿へ之栄養
BASE:ASSI:40 , 基礎:助手:诞生日
BASE:ASSI:41 , 基礎:助手:种族
BASE:ASSI:42 , 基礎:助手:父亲
BASE:ASSI:43 , 基礎:助手:母亲
BASE:ASSI:44 , 基礎:助手:何番目
BASE:ASSI:45 , 基礎:助手:世代
BASE:ASSI:46 , 基礎:助手:属性
BASE:ASSI:47 , 基礎:助手:第二诞生日
BASE:ASSI:48 , 基礎:助手:眷属
BASE:ASSI:50 , 基礎:助手:种族思考
BASE:ASSI:51 , 基礎:助手:识别番号
BASE:ASSI:52 , 基礎:助手:化蝶之梦
,
;●基礎:奴隶へ变换,
BASE:TARGET:0 , 基礎:奴隶:体力
BASE:TARGET:1 , 基礎:奴隶:气力
BASE:TARGET:2 , 基礎:奴隶:绝顶
BASE:TARGET:3 , 基礎:奴隶:喷乳
BASE:TARGET:4 , 基礎:奴隶:触手
BASE:TARGET:5 , 基礎:奴隶:龙
BASE:TARGET:6 , 基礎:奴隶:精力
BASE:TARGET:7 , 基礎:奴隶:斯道克
BASE:TARGET:8 , 基礎:奴隶:尿意
BASE:TARGET:9 , 基礎:奴隶:排泄欲
BASE:TARGET:10 , 基礎:奴隶:性欲
BASE:TARGET:11 , 基礎:奴隶:精液欲
BASE:TARGET:12 , 基礎:奴隶:快感许容值女
BASE:TARGET:13 , 基礎:奴隶:快感许容值男
BASE:TARGET:14 , 基礎:奴隶:欲求不满
BASE:TARGET:15 , 基礎:奴隶:排泄物
BASE:TARGET:16 , 基礎:奴隶:老废物
BASE:TARGET:20 , 基礎:奴隶:身长
BASE:TARGET:21 , 基礎:奴隶:胸部
BASE:TARGET:22 , 基礎:奴隶:罩杯
BASE:TARGET:23 , 基礎:奴隶:腰部
BASE:TARGET:24 , 基礎:奴隶:臀部
BASE:TARGET:25 , 基礎:奴隶:身长之追加要素
BASE:TARGET:26 , 基礎:奴隶:阴毛
BASE:TARGET:27 , 基礎:奴隶:胸部之成长
BASE:TARGET:28 , 基礎:奴隶:腋毛
BASE:TARGET:30 , 基礎:奴隶:バイオ莉兹ム
BASE:TARGET:31 , 基礎:奴隶:胎内精子量
BASE:TARGET:32 , 基礎:奴隶:精液之优勢
BASE:TARGET:33 , 基礎:奴隶:胎儿之父亲
BASE:TARGET:34 , 基礎:奴隶:胎儿
BASE:TARGET:35 , 基礎:奴隶:育儿中
BASE:TARGET:36 , 基礎:奴隶:胎内精液量
BASE:TARGET:37 , 基礎:奴隶:胎儿へ之栄養
BASE:TARGET:40 , 基礎:奴隶:诞生日
BASE:TARGET:41 , 基礎:奴隶:种族
BASE:TARGET:42 , 基礎:奴隶:父亲
BASE:TARGET:43 , 基礎:奴隶:母亲
BASE:TARGET:44 , 基礎:奴隶:何番目
BASE:TARGET:45 , 基礎:奴隶:世代
BASE:TARGET:46 , 基礎:奴隶:属性
BASE:TARGET:47 , 基礎:奴隶:第二诞生日
BASE:TARGET:48 , 基礎:奴隶:眷属
BASE:TARGET:50 , 基礎:奴隶:种族思考
BASE:TARGET:51 , 基礎:奴隶:识别番号
BASE:TARGET:52 , 基礎:奴隶:化蝶之梦
,
;●素質名称へ变换,
TALENTNAME:0 , 素質名称:处女
TALENTNAME:1 , 素質名称:A处女
TALENTNAME:2 , 素質名称:阴茎
TALENTNAME:3 , 素質名称:外表年龄
TALENTNAME:4 , 素質名称:V名器
TALENTNAME:5 , 素質名称:A名器
TALENTNAME:6 , 素質名称:喉名器
TALENTNAME:7 , 素質名称:尿道名器
TALENTNAME:9 , 素質名称:性経験全无
TALENTNAME:10 , 素質名称:胆怯
TALENTNAME:11 , 素質名称:反抗心
TALENTNAME:12 , 素質名称:刚强
TALENTNAME:13 , 素質名称:坦率
TALENTNAME:14 , 素質名称:内向
TALENTNAME:15 , 素質名称:傲慢
TALENTNAME:16 , 素質名称:自大
TALENTNAME:17 , 素質名称:低姿态
TALENTNAME:18 , 素質名称:强硬
TALENTNAME:19 , 素質名称:坏心眼
TALENTNAME:20 , 素質名称:冷静
TALENTNAME:21 , 素質名称:不关心
TALENTNAME:22 , 素質名称:缺乏情感
TALENTNAME:23 , 素質名称:好奇心
TALENTNAME:24 , 素質名称:保守
TALENTNAME:25 , 素質名称:开朗
TALENTNAME:26 , 素質名称:阴郁
TALENTNAME:27 , 素質名称:难以逾越的界线
TALENTNAME:28 , 素質名称:喜欢受人注目
TALENTNAME:30 , 素質名称:看重贞操
TALENTNAME:31 , 素質名称:贞操无定
TALENTNAME:32 , 素質名称:压抑
TALENTNAME:33 , 素質名称:解放
TALENTNAME:34 , 素質名称:抵抗
TALENTNAME:35 , 素質名称:怕羞
TALENTNAME:36 , 素質名称:不知耻
TALENTNAME:38 , 素質名称:纯情
TALENTNAME:39 , 素質名称:清纯
TALENTNAME:40 , 素質名称:怕痛
TALENTNAME:41 , 素質名称:耐痛
TALENTNAME:42 , 素質名称:容易湿
TALENTNAME:43 , 素質名称:不易湿
TALENTNAME:44 , 素質名称:V损伤
TALENTNAME:45 , 素質名称:A损伤
TALENTNAME:46 , 素質名称:优雅
TALENTNAME:47 , 素質名称:粗野
TALENTNAME:48 , 素質名称:肠液分泌体質
TALENTNAME:49 , 素質名称:被射敏感
TALENTNAME:50 , 素質名称:聪慧
TALENTNAME:51 , 素質名称:愚笨
TALENTNAME:52 , 素質名称:嘔吐反射耐性
TALENTNAME:53 , 素質名称:针术
TALENTNAME:54 , 素質名称:猫舌
TALENTNAME:55 , 素質名称:调合知识
TALENTNAME:56 , 素質名称:药毒耐性
TALENTNAME:57 , 素質名称:漏尿癖
TALENTNAME:58 , 素質名称:晚泄
TALENTNAME:59 , 素質名称:扩张补正
TALENTNAME:60 , 素質名称:爱自慰
TALENTNAME:61 , 素質名称:气味钝感
TALENTNAME:62 , 素質名称:气味敏感
TALENTNAME:63 , 素質名称:献身
TALENTNAME:64 , 素質名称:无视脏污
TALENTNAME:65 , 素質名称:百发百中
TALENTNAME:66 , 素質名称:召唤之天才
TALENTNAME:67 , 素質名称:召唤之天災
TALENTNAME:69 , 素質名称:发情体質
TALENTNAME:70 , 素質名称:接受快感
TALENTNAME:71 , 素質名称:否认快感
TALENTNAME:72 , 素質名称:容易成瘾
TALENTNAME:73 , 素質名称:吸精体質
TALENTNAME:74 , 素質名称:淫穴
TALENTNAME:75 , 素質名称:好色
TALENTNAME:76 , 素質名称:淫乱
TALENTNAME:77 , 素質名称:尻穴狂
TALENTNAME:78 , 素質名称:淫乳
TALENTNAME:79 , 素質名称:淫核
TALENTNAME:80 , 素質名称:性变态
TALENTNAME:81 , 素質名称:通吃
TALENTNAME:82 , 素質名称:嫌恶性别男
TALENTNAME:83 , 素質名称:抖S
TALENTNAME:84 , 素質名称:嫉妬
TALENTNAME:85 , 素質名称:恋慕
TALENTNAME:86 , 素質名称:妄信
TALENTNAME:87 , 素質名称:小恶魔
TALENTNAME:88 , 素質名称:抖M
TALENTNAME:89 , 素質名称:荡唇
TALENTNAME:90 , 素質名称:妖狐
TALENTNAME:91 , 素質名称:魅惑
TALENTNAME:92 , 素質名称:迷之魅力
TALENTNAME:93 , 素質名称:偏爱
TALENTNAME:94 , 素質名称:初体験对象
TALENTNAME:96 , 素質名称:M钝感
TALENTNAME:97 , 素質名称:M敏感
TALENTNAME:98 , 素質名称:男孩子？
TALENTNAME:99 , 素質名称:高大
TALENTNAME:100 , 素質名称:娇小
TALENTNAME:101 , 素質名称:C钝感
TALENTNAME:102 , 素質名称:C敏感
TALENTNAME:103 , 素質名称:V钝感
TALENTNAME:104 , 素質名称:V敏感
TALENTNAME:105 , 素質名称:A钝感
TALENTNAME:106 , 素質名称:A敏感
TALENTNAME:107 , 素質名称:B钝感
TALENTNAME:108 , 素質名称:B敏感
TALENTNAME:109 , 素質名称:贫乳
TALENTNAME:110 , 素質名称:巨乳
TALENTNAME:111 , 素質名称:回復快
TALENTNAME:112 , 素質名称:回復慢
TALENTNAME:113 , 素質名称:魅力
TALENTNAME:114 , 素質名称:吸血鬼
TALENTNAME:115 , 素質名称:日光浴
TALENTNAME:116 , 素質名称:月光浴
TALENTNAME:117 , 素質名称:治疗
TALENTNAME:118 , 素質名称:鼓舞
TALENTNAME:119 , 素質名称:一般人
TALENTNAME:120 , 素質名称:性别女
TALENTNAME:121 , 素質名称:扶她
TALENTNAME:122 , 素質名称:性别男
TALENTNAME:123 , 素質名称:狂气
TALENTNAME:124 , 素質名称:兽耳
TALENTNAME:125 , 素質名称:禁断之知识
TALENTNAME:126 , 素質名称:人气
TALENTNAME:127 , 素質名称:具现
TALENTNAME:128 , 素質名称:尾巴
TALENTNAME:129 , 素質名称:龙之血
TALENTNAME:130 , 素質名称:泌乳体質
TALENTNAME:131 , 素質名称:幼儿／幼儿退行
TALENTNAME:132 , 素質名称:幼稚
TALENTNAME:133 , 素質名称:早泄
TALENTNAME:134 , 素質名称:童贞
TALENTNAME:135 , 素質名称:孕娠
TALENTNAME:136 , 素質名称:生产经历
TALENTNAME:137 , 素質名称:避孕中
TALENTNAME:138 , 素質名称:小臀
TALENTNAME:139 , 素質名称:巨臀
TALENTNAME:140 , 素質名称:喉性感
TALENTNAME:141 , 素質名称:子宮性感
TALENTNAME:142 , 素質名称:尿道性感
TALENTNAME:143 , 素質名称:尿道狂
TALENTNAME:150 , 素質名称:妖精
TALENTNAME:151 , 素質名称:魔法使
TALENTNAME:152 , 素質名称:拉米亚
TALENTNAME:153 , 素質名称:人鱼
TALENTNAME:154 , 素質名称:魔导人偶
TALENTNAME:155 , 素質名称:哈比
TALENTNAME:156 , 素質名称:旧日支配者的末裔
TALENTNAME:157 , 素質名称:龙骑兵
TALENTNAME:158 , 素質名称:史莱姆
TALENTNAME:159 , 素質名称:多手
TALENTNAME:160 , 素質名称:犄角
TALENTNAME:161 , 素質名称:翼
TALENTNAME:162 , 素質名称:力量
TALENTNAME:163 , 素質名称:兽足
TALENTNAME:164 , 素質名称:肤色
TALENTNAME:165 , 素質名称:四足歩行
TALENTNAME:180 , 素質名称:舌技
TALENTNAME:181 , 素質名称:指技
TALENTNAME:182 , 素質名称:足技
TALENTNAME:183 , 素質名称:腰技
TALENTNAME:184 , 素質名称:魔乳
TALENTNAME:185 , 素質名称:调教知识
TALENTNAME:190 , 素質名称:给我变成玩具啦
TALENTNAME:191 , 素質名称:甜言蜜语
TALENTNAME:192 , 素質名称:高潮管理
TALENTNAME:193 , 素質名称:歌唱技能
TALENTNAME:194 , 素質名称:弱点
TALENTNAME:195 , 素質名称:性癖
TALENTNAME:196 , 素質名称:将来性
TALENTNAME:197 , 素質名称:中意的体位
TALENTNAME:200 , 素質名称:梦魇
TALENTNAME:201 , 素質名称:上位梦魇
TALENTNAME:202 , 素質名称:眷属
TALENTNAME:203 , 素質名称:魔王之碎片
TALENTNAME:210 , 素質名称:誓約
TALENTNAME:211 , 素質名称:相思相爱
TALENTNAME:220 , 素質名称:阴蒂穿环
TALENTNAME:221 , 素質名称:阴唇穿环
TALENTNAME:222 , 素質名称:乳头穿环
TALENTNAME:223 , 素質名称:肚脐穿环
TALENTNAME:224 , 素質名称:避孕之護符
TALENTNAME:225 , 素質名称:全天插棒
TALENTNAME:226 , 素質名称:全天塞肛
TALENTNAME:230 , 素質名称:小根术
TALENTNAME:231 , 素質名称:高敏术
TALENTNAME:232 , 素質名称:精强术
TALENTNAME:233 , 素質名称:魅强术
TALENTNAME:234 , 素質名称:防强术
TALENTNAME:235 , 素質名称:斯道克
TALENTNAME:236 , 素質名称:回复术
TALENTNAME:237 , 素質名称:倍化术
TALENTNAME:238 , 素質名称:解强化术
TALENTNAME:239 , 素質名称:解弱化术
TALENTNAME:240 , 素質名称:束缚术
TALENTNAME:241 , 素質名称:全强术
TALENTNAME:242 , 素質名称:大根术
TALENTNAME:243 , 素質名称:快感术
TALENTNAME:501 , 素質名称:EP强化
TALENTNAME:502 , 素質名称:精力强化
TALENTNAME:503 , 素質名称:技巧强化
TALENTNAME:504 , 素質名称:精神力强化
TALENTNAME:505 , 素質名称:魅力强化
TALENTNAME:506 , 素質名称:弹药量増加
TALENTNAME:510 , 素質名称:C强化
TALENTNAME:511 , 素質名称:V强化
TALENTNAME:512 , 素質名称:A强化
TALENTNAME:513 , 素質名称:B强化
TALENTNAME:514 , 素質名称:M强化
TALENTNAME:520 , 素質名称:Ｈ氛围
TALENTNAME:521 , 素質名称:实行值
TALENTNAME:522 , 素質名称:得到的快感
TALENTNAME:523 , 素質名称:逆推率
TALENTNAME:524 , 素質名称:取得経験值率
TALENTNAME:530 , 素質名称:被动技：精强术
TALENTNAME:531 , 素質名称:被动技：小根术
TALENTNAME:532 , 素質名称:被动技：高敏术
TALENTNAME:533 , 素質名称:被动技：大根术
TALENTNAME:550 , 素質名称:隐密
TALENTNAME:551 , 素質名称:宝箱出现率
TALENTNAME:552 , 素質名称:门扉发现率
,
;●素質:调教者へ变换,
TALENT:PLAYER:0 , 素質:调教者:处女
TALENT:PLAYER:1 , 素質:调教者:A处女
TALENT:PLAYER:2 , 素質:调教者:阴茎
TALENT:PLAYER:3 , 素質:调教者:外表年龄
TALENT:PLAYER:4 , 素質:调教者:V名器
TALENT:PLAYER:5 , 素質:调教者:A名器
TALENT:PLAYER:6 , 素質:调教者:喉名器
TALENT:PLAYER:7 , 素質:调教者:尿道名器
TALENT:PLAYER:9 , 素質:调教者:性経験全无
TALENT:PLAYER:10 , 素質:调教者:胆怯
TALENT:PLAYER:11 , 素質:调教者:反抗心
TALENT:PLAYER:12 , 素質:调教者:刚强
TALENT:PLAYER:13 , 素質:调教者:坦率
TALENT:PLAYER:14 , 素質:调教者:内向
TALENT:PLAYER:15 , 素質:调教者:傲慢
TALENT:PLAYER:16 , 素質:调教者:自大
TALENT:PLAYER:17 , 素質:调教者:低姿态
TALENT:PLAYER:18 , 素質:调教者:强硬
TALENT:PLAYER:19 , 素質:调教者:坏心眼
TALENT:PLAYER:20 , 素質:调教者:冷静
TALENT:PLAYER:21 , 素質:调教者:不关心
TALENT:PLAYER:22 , 素質:调教者:缺乏情感
TALENT:PLAYER:23 , 素質:调教者:好奇心
TALENT:PLAYER:24 , 素質:调教者:保守
TALENT:PLAYER:25 , 素質:调教者:开朗
TALENT:PLAYER:26 , 素質:调教者:阴郁
TALENT:PLAYER:27 , 素質:调教者:难以逾越的界线
TALENT:PLAYER:28 , 素質:调教者:喜欢受人注目
TALENT:PLAYER:30 , 素質:调教者:看重贞操
TALENT:PLAYER:31 , 素質:调教者:贞操无定
TALENT:PLAYER:32 , 素質:调教者:压抑
TALENT:PLAYER:33 , 素質:调教者:解放
TALENT:PLAYER:34 , 素質:调教者:抵抗
TALENT:PLAYER:35 , 素質:调教者:怕羞
TALENT:PLAYER:36 , 素質:调教者:不知耻
TALENT:PLAYER:38 , 素質:调教者:纯情
TALENT:PLAYER:39 , 素質:调教者:清纯
TALENT:PLAYER:40 , 素質:调教者:怕痛
TALENT:PLAYER:41 , 素質:调教者:耐痛
TALENT:PLAYER:42 , 素質:调教者:容易湿
TALENT:PLAYER:43 , 素質:调教者:不易湿
TALENT:PLAYER:44 , 素質:调教者:V损伤
TALENT:PLAYER:45 , 素質:调教者:A损伤
TALENT:PLAYER:46 , 素質:调教者:优雅
TALENT:PLAYER:47 , 素質:调教者:粗野
TALENT:PLAYER:48 , 素質:调教者:肠液分泌体質
TALENT:PLAYER:49 , 素質:调教者:被射敏感
TALENT:PLAYER:50 , 素質:调教者:聪慧
TALENT:PLAYER:51 , 素質:调教者:愚笨
TALENT:PLAYER:52 , 素質:调教者:嘔吐反射耐性
TALENT:PLAYER:53 , 素質:调教者:针术
TALENT:PLAYER:54 , 素質:调教者:猫舌
TALENT:PLAYER:55 , 素質:调教者:调合知识
TALENT:PLAYER:56 , 素質:调教者:药毒耐性
TALENT:PLAYER:57 , 素質:调教者:漏尿癖
TALENT:PLAYER:58 , 素質:调教者:晚泄
TALENT:PLAYER:59 , 素質:调教者:扩张补正
TALENT:PLAYER:60 , 素質:调教者:爱自慰
TALENT:PLAYER:61 , 素質:调教者:气味钝感
TALENT:PLAYER:62 , 素質:调教者:气味敏感
TALENT:PLAYER:63 , 素質:调教者:献身
TALENT:PLAYER:64 , 素質:调教者:无视脏污
TALENT:PLAYER:65 , 素質:调教者:百发百中
TALENT:PLAYER:66 , 素質:调教者:召唤之天才
TALENT:PLAYER:67 , 素質:调教者:召唤之天災
TALENT:PLAYER:69 , 素質:调教者:发情体質
TALENT:PLAYER:70 , 素質:调教者:接受快感
TALENT:PLAYER:71 , 素質:调教者:否认快感
TALENT:PLAYER:72 , 素質:调教者:容易成瘾
TALENT:PLAYER:73 , 素質:调教者:吸精体質
TALENT:PLAYER:74 , 素質:调教者:淫穴
TALENT:PLAYER:75 , 素質:调教者:好色
TALENT:PLAYER:76 , 素質:调教者:淫乱
TALENT:PLAYER:77 , 素質:调教者:尻穴狂
TALENT:PLAYER:78 , 素質:调教者:淫乳
TALENT:PLAYER:79 , 素質:调教者:淫核
TALENT:PLAYER:80 , 素質:调教者:性变态
TALENT:PLAYER:81 , 素質:调教者:通吃
TALENT:PLAYER:82 , 素質:调教者:嫌恶性别男
TALENT:PLAYER:83 , 素質:调教者:抖S
TALENT:PLAYER:84 , 素質:调教者:嫉妬
TALENT:PLAYER:85 , 素質:调教者:恋慕
TALENT:PLAYER:86 , 素質:调教者:妄信
TALENT:PLAYER:87 , 素質:调教者:小恶魔
TALENT:PLAYER:88 , 素質:调教者:抖M
TALENT:PLAYER:89 , 素質:调教者:荡唇
TALENT:PLAYER:90 , 素質:调教者:妖狐
TALENT:PLAYER:91 , 素質:调教者:魅惑
TALENT:PLAYER:92 , 素質:调教者:迷之魅力
TALENT:PLAYER:93 , 素質:调教者:偏爱
TALENT:PLAYER:94 , 素質:调教者:初体験对象
TALENT:PLAYER:96 , 素質:调教者:M钝感
TALENT:PLAYER:97 , 素質:调教者:M敏感
TALENT:PLAYER:98 , 素質:调教者:男孩子？
TALENT:PLAYER:99 , 素質:调教者:高大
TALENT:PLAYER:100 , 素質:调教者:娇小
TALENT:PLAYER:101 , 素質:调教者:C钝感
TALENT:PLAYER:102 , 素質:调教者:C敏感
TALENT:PLAYER:103 , 素質:调教者:V钝感
TALENT:PLAYER:104 , 素質:调教者:V敏感
TALENT:PLAYER:105 , 素質:调教者:A钝感
TALENT:PLAYER:106 , 素質:调教者:A敏感
TALENT:PLAYER:107 , 素質:调教者:B钝感
TALENT:PLAYER:108 , 素質:调教者:B敏感
TALENT:PLAYER:109 , 素質:调教者:贫乳
TALENT:PLAYER:110 , 素質:调教者:巨乳
TALENT:PLAYER:111 , 素質:调教者:回復快
TALENT:PLAYER:112 , 素質:调教者:回復慢
TALENT:PLAYER:113 , 素質:调教者:魅力
TALENT:PLAYER:114 , 素質:调教者:吸血鬼
TALENT:PLAYER:115 , 素質:调教者:日光浴
TALENT:PLAYER:116 , 素質:调教者:月光浴
TALENT:PLAYER:117 , 素質:调教者:治疗
TALENT:PLAYER:118 , 素質:调教者:鼓舞
TALENT:PLAYER:119 , 素質:调教者:一般人
TALENT:PLAYER:120 , 素質:调教者:性别女
TALENT:PLAYER:121 , 素質:调教者:扶她
TALENT:PLAYER:122 , 素質:调教者:性别男
TALENT:PLAYER:123 , 素質:调教者:狂气
TALENT:PLAYER:124 , 素質:调教者:兽耳
TALENT:PLAYER:125 , 素質:调教者:禁断之知识
TALENT:PLAYER:126 , 素質:调教者:人气
TALENT:PLAYER:127 , 素質:调教者:具现
TALENT:PLAYER:128 , 素質:调教者:尾巴
TALENT:PLAYER:129 , 素質:调教者:龙之血
TALENT:PLAYER:130 , 素質:调教者:泌乳体質
TALENT:PLAYER:131 , 素質:调教者:幼儿／幼儿退行
TALENT:PLAYER:132 , 素質:调教者:幼稚
TALENT:PLAYER:133 , 素質:调教者:早泄
TALENT:PLAYER:134 , 素質:调教者:童贞
TALENT:PLAYER:135 , 素質:调教者:孕娠
TALENT:PLAYER:136 , 素質:调教者:生产经历
TALENT:PLAYER:137 , 素質:调教者:避孕中
TALENT:PLAYER:138 , 素質:调教者:小臀
TALENT:PLAYER:139 , 素質:调教者:巨臀
TALENT:PLAYER:140 , 素質:调教者:喉性感
TALENT:PLAYER:141 , 素質:调教者:子宮性感
TALENT:PLAYER:142 , 素質:调教者:尿道性感
TALENT:PLAYER:143 , 素質:调教者:尿道狂
TALENT:PLAYER:150 , 素質:调教者:妖精
TALENT:PLAYER:151 , 素質:调教者:魔法使
TALENT:PLAYER:152 , 素質:调教者:拉米亚
TALENT:PLAYER:153 , 素質:调教者:人鱼
TALENT:PLAYER:154 , 素質:调教者:魔导人偶
TALENT:PLAYER:155 , 素質:调教者:哈比
TALENT:PLAYER:156 , 素質:调教者:旧日支配者的末裔
TALENT:PLAYER:157 , 素質:调教者:龙骑兵
TALENT:PLAYER:158 , 素質:调教者:史莱姆
TALENT:PLAYER:159 , 素質:调教者:多手
TALENT:PLAYER:160 , 素質:调教者:犄角
TALENT:PLAYER:161 , 素質:调教者:翼
TALENT:PLAYER:162 , 素質:调教者:力量
TALENT:PLAYER:163 , 素質:调教者:兽足
TALENT:PLAYER:164 , 素質:调教者:肤色
TALENT:PLAYER:165 , 素質:调教者:四足歩行
TALENT:PLAYER:180 , 素質:调教者:舌技
TALENT:PLAYER:181 , 素質:调教者:指技
TALENT:PLAYER:182 , 素質:调教者:足技
TALENT:PLAYER:183 , 素質:调教者:腰技
TALENT:PLAYER:184 , 素質:调教者:魔乳
TALENT:PLAYER:185 , 素質:调教者:调教知识
TALENT:PLAYER:190 , 素質:调教者:给我变成玩具啦
TALENT:PLAYER:191 , 素質:调教者:甜言蜜语
TALENT:PLAYER:192 , 素質:调教者:高潮管理
TALENT:PLAYER:193 , 素質:调教者:歌唱技能
TALENT:PLAYER:194 , 素質:调教者:弱点
TALENT:PLAYER:195 , 素質:调教者:性癖
TALENT:PLAYER:196 , 素質:调教者:将来性
TALENT:PLAYER:197 , 素質:调教者:中意的体位
TALENT:PLAYER:200 , 素質:调教者:梦魇
TALENT:PLAYER:201 , 素質:调教者:上位梦魇
TALENT:PLAYER:202 , 素質:调教者:眷属
TALENT:PLAYER:203 , 素質:调教者:魔王之碎片
TALENT:PLAYER:210 , 素質:调教者:誓約
TALENT:PLAYER:211 , 素質:调教者:相思相爱
TALENT:PLAYER:220 , 素質:调教者:阴蒂穿环
TALENT:PLAYER:221 , 素質:调教者:阴唇穿环
TALENT:PLAYER:222 , 素質:调教者:乳头穿环
TALENT:PLAYER:223 , 素質:调教者:肚脐穿环
TALENT:PLAYER:224 , 素質:调教者:避孕之護符
TALENT:PLAYER:225 , 素質:调教者:全天插棒
TALENT:PLAYER:226 , 素質:调教者:全天塞肛
TALENT:PLAYER:230 , 素質:调教者:小根术
TALENT:PLAYER:231 , 素質:调教者:高敏术
TALENT:PLAYER:232 , 素質:调教者:精强术
TALENT:PLAYER:233 , 素質:调教者:魅强术
TALENT:PLAYER:234 , 素質:调教者:防强术
TALENT:PLAYER:235 , 素質:调教者:斯道克
TALENT:PLAYER:236 , 素質:调教者:回复术
TALENT:PLAYER:237 , 素質:调教者:倍化术
TALENT:PLAYER:238 , 素質:调教者:解强化术
TALENT:PLAYER:239 , 素質:调教者:解弱化术
TALENT:PLAYER:240 , 素質:调教者:束缚术
TALENT:PLAYER:241 , 素質:调教者:全强术
TALENT:PLAYER:242 , 素質:调教者:大根术
TALENT:PLAYER:243 , 素質:调教者:快感术
TALENT:PLAYER:501 , 素質:调教者:EP强化
TALENT:PLAYER:502 , 素質:调教者:精力强化
TALENT:PLAYER:503 , 素質:调教者:技巧强化
TALENT:PLAYER:504 , 素質:调教者:精神力强化
TALENT:PLAYER:505 , 素質:调教者:魅力强化
TALENT:PLAYER:506 , 素質:调教者:弹药量増加
TALENT:PLAYER:510 , 素質:调教者:C强化
TALENT:PLAYER:511 , 素質:调教者:V强化
TALENT:PLAYER:512 , 素質:调教者:A强化
TALENT:PLAYER:513 , 素質:调教者:B强化
TALENT:PLAYER:514 , 素質:调教者:M强化
TALENT:PLAYER:520 , 素質:调教者:Ｈ氛围
TALENT:PLAYER:521 , 素質:调教者:实行值
TALENT:PLAYER:522 , 素質:调教者:得到的快感
TALENT:PLAYER:523 , 素質:调教者:逆推率
TALENT:PLAYER:524 , 素質:调教者:取得経験值率
TALENT:PLAYER:530 , 素質:调教者:被动技：精强术
TALENT:PLAYER:531 , 素質:调教者:被动技：小根术
TALENT:PLAYER:532 , 素質:调教者:被动技：高敏术
TALENT:PLAYER:533 , 素質:调教者:被动技：大根术
TALENT:PLAYER:550 , 素質:调教者:隐密
TALENT:PLAYER:551 , 素質:调教者:宝箱出现率
TALENT:PLAYER:552 , 素質:调教者:门扉发现率
,
;●素質:主人へ变换,
TALENT:MASTER:0 , 素質:主人:处女
TALENT:MASTER:1 , 素質:主人:A处女
TALENT:MASTER:2 , 素質:主人:阴茎
TALENT:MASTER:3 , 素質:主人:外表年龄
TALENT:MASTER:4 , 素質:主人:V名器
TALENT:MASTER:5 , 素質:主人:A名器
TALENT:MASTER:6 , 素質:主人:喉名器
TALENT:MASTER:7 , 素質:主人:尿道名器
TALENT:MASTER:9 , 素質:主人:性経験全无
TALENT:MASTER:10 , 素質:主人:胆怯
TALENT:MASTER:11 , 素質:主人:反抗心
TALENT:MASTER:12 , 素質:主人:刚强
TALENT:MASTER:13 , 素質:主人:坦率
TALENT:MASTER:14 , 素質:主人:内向
TALENT:MASTER:15 , 素質:主人:傲慢
TALENT:MASTER:16 , 素質:主人:自大
TALENT:MASTER:17 , 素質:主人:低姿态
TALENT:MASTER:18 , 素質:主人:强硬
TALENT:MASTER:19 , 素質:主人:坏心眼
TALENT:MASTER:20 , 素質:主人:冷静
TALENT:MASTER:21 , 素質:主人:不关心
TALENT:MASTER:22 , 素質:主人:缺乏情感
TALENT:MASTER:23 , 素質:主人:好奇心
TALENT:MASTER:24 , 素質:主人:保守
TALENT:MASTER:25 , 素質:主人:开朗
TALENT:MASTER:26 , 素質:主人:阴郁
TALENT:MASTER:27 , 素質:主人:难以逾越的界线
TALENT:MASTER:28 , 素質:主人:喜欢受人注目
TALENT:MASTER:30 , 素質:主人:看重贞操
TALENT:MASTER:31 , 素質:主人:贞操无定
TALENT:MASTER:32 , 素質:主人:压抑
TALENT:MASTER:33 , 素質:主人:解放
TALENT:MASTER:34 , 素質:主人:抵抗
TALENT:MASTER:35 , 素質:主人:怕羞
TALENT:MASTER:36 , 素質:主人:不知耻
TALENT:MASTER:38 , 素質:主人:纯情
TALENT:MASTER:39 , 素質:主人:清纯
TALENT:MASTER:40 , 素質:主人:怕痛
TALENT:MASTER:41 , 素質:主人:耐痛
TALENT:MASTER:42 , 素質:主人:容易湿
TALENT:MASTER:43 , 素質:主人:不易湿
TALENT:MASTER:44 , 素質:主人:V损伤
TALENT:MASTER:45 , 素質:主人:A损伤
TALENT:MASTER:46 , 素質:主人:优雅
TALENT:MASTER:47 , 素質:主人:粗野
TALENT:MASTER:48 , 素質:主人:肠液分泌体質
TALENT:MASTER:49 , 素質:主人:被射敏感
TALENT:MASTER:50 , 素質:主人:聪慧
TALENT:MASTER:51 , 素質:主人:愚笨
TALENT:MASTER:52 , 素質:主人:嘔吐反射耐性
TALENT:MASTER:53 , 素質:主人:针术
TALENT:MASTER:54 , 素質:主人:猫舌
TALENT:MASTER:55 , 素質:主人:调合知识
TALENT:MASTER:56 , 素質:主人:药毒耐性
TALENT:MASTER:57 , 素質:主人:漏尿癖
TALENT:MASTER:58 , 素質:主人:晚泄
TALENT:MASTER:59 , 素質:主人:扩张补正
TALENT:MASTER:60 , 素質:主人:爱自慰
TALENT:MASTER:61 , 素質:主人:气味钝感
TALENT:MASTER:62 , 素質:主人:气味敏感
TALENT:MASTER:63 , 素質:主人:献身
TALENT:MASTER:64 , 素質:主人:无视脏污
TALENT:MASTER:65 , 素質:主人:百发百中
TALENT:MASTER:66 , 素質:主人:召唤之天才
TALENT:MASTER:67 , 素質:主人:召唤之天災
TALENT:MASTER:69 , 素質:主人:发情体質
TALENT:MASTER:70 , 素質:主人:接受快感
TALENT:MASTER:71 , 素質:主人:否认快感
TALENT:MASTER:72 , 素質:主人:容易成瘾
TALENT:MASTER:73 , 素質:主人:吸精体質
TALENT:MASTER:74 , 素質:主人:淫穴
TALENT:MASTER:75 , 素質:主人:好色
TALENT:MASTER:76 , 素質:主人:淫乱
TALENT:MASTER:77 , 素質:主人:尻穴狂
TALENT:MASTER:78 , 素質:主人:淫乳
TALENT:MASTER:79 , 素質:主人:淫核
TALENT:MASTER:80 , 素質:主人:性变态
TALENT:MASTER:81 , 素質:主人:通吃
TALENT:MASTER:82 , 素質:主人:嫌恶性别男
TALENT:MASTER:83 , 素質:主人:抖S
TALENT:MASTER:84 , 素質:主人:嫉妬
TALENT:MASTER:85 , 素質:主人:恋慕
TALENT:MASTER:86 , 素質:主人:妄信
TALENT:MASTER:87 , 素質:主人:小恶魔
TALENT:MASTER:88 , 素質:主人:抖M
TALENT:MASTER:89 , 素質:主人:荡唇
TALENT:MASTER:90 , 素質:主人:妖狐
TALENT:MASTER:91 , 素質:主人:魅惑
TALENT:MASTER:92 , 素質:主人:迷之魅力
TALENT:MASTER:93 , 素質:主人:偏爱
TALENT:MASTER:94 , 素質:主人:初体験对象
TALENT:MASTER:96 , 素質:主人:M钝感
TALENT:MASTER:97 , 素質:主人:M敏感
TALENT:MASTER:98 , 素質:主人:男孩子？
TALENT:MASTER:99 , 素質:主人:高大
TALENT:MASTER:100 , 素質:主人:娇小
TALENT:MASTER:101 , 素質:主人:C钝感
TALENT:MASTER:102 , 素質:主人:C敏感
TALENT:MASTER:103 , 素質:主人:V钝感
TALENT:MASTER:104 , 素質:主人:V敏感
TALENT:MASTER:105 , 素質:主人:A钝感
TALENT:MASTER:106 , 素質:主人:A敏感
TALENT:MASTER:107 , 素質:主人:B钝感
TALENT:MASTER:108 , 素質:主人:B敏感
TALENT:MASTER:109 , 素質:主人:贫乳
TALENT:MASTER:110 , 素質:主人:巨乳
TALENT:MASTER:111 , 素質:主人:回復快
TALENT:MASTER:112 , 素質:主人:回復慢
TALENT:MASTER:113 , 素質:主人:魅力
TALENT:MASTER:114 , 素質:主人:吸血鬼
TALENT:MASTER:115 , 素質:主人:日光浴
TALENT:MASTER:116 , 素質:主人:月光浴
TALENT:MASTER:117 , 素質:主人:治疗
TALENT:MASTER:118 , 素質:主人:鼓舞
TALENT:MASTER:119 , 素質:主人:一般人
TALENT:MASTER:120 , 素質:主人:性别女
TALENT:MASTER:121 , 素質:主人:扶她
TALENT:MASTER:122 , 素質:主人:性别男
TALENT:MASTER:123 , 素質:主人:狂气
TALENT:MASTER:124 , 素質:主人:兽耳
TALENT:MASTER:125 , 素質:主人:禁断之知识
TALENT:MASTER:126 , 素質:主人:人气
TALENT:MASTER:127 , 素質:主人:具现
TALENT:MASTER:128 , 素質:主人:尾巴
TALENT:MASTER:129 , 素質:主人:龙之血
TALENT:MASTER:130 , 素質:主人:泌乳体質
TALENT:MASTER:131 , 素質:主人:幼儿／幼儿退行
TALENT:MASTER:132 , 素質:主人:幼稚
TALENT:MASTER:133 , 素質:主人:早泄
TALENT:MASTER:134 , 素質:主人:童贞
TALENT:MASTER:135 , 素質:主人:孕娠
TALENT:MASTER:136 , 素質:主人:生产经历
TALENT:MASTER:137 , 素質:主人:避孕中
TALENT:MASTER:138 , 素質:主人:小臀
TALENT:MASTER:139 , 素質:主人:巨臀
TALENT:MASTER:140 , 素質:主人:喉性感
TALENT:MASTER:141 , 素質:主人:子宮性感
TALENT:MASTER:142 , 素質:主人:尿道性感
TALENT:MASTER:143 , 素質:主人:尿道狂
TALENT:MASTER:150 , 素質:主人:妖精
TALENT:MASTER:151 , 素質:主人:魔法使
TALENT:MASTER:152 , 素質:主人:拉米亚
TALENT:MASTER:153 , 素質:主人:人鱼
TALENT:MASTER:154 , 素質:主人:魔导人偶
TALENT:MASTER:155 , 素質:主人:哈比
TALENT:MASTER:156 , 素質:主人:旧日支配者的末裔
TALENT:MASTER:157 , 素質:主人:龙骑兵
TALENT:MASTER:158 , 素質:主人:史莱姆
TALENT:MASTER:159 , 素質:主人:多手
TALENT:MASTER:160 , 素質:主人:犄角
TALENT:MASTER:161 , 素質:主人:翼
TALENT:MASTER:162 , 素質:主人:力量
TALENT:MASTER:163 , 素質:主人:兽足
TALENT:MASTER:164 , 素質:主人:肤色
TALENT:MASTER:165 , 素質:主人:四足歩行
TALENT:MASTER:180 , 素質:主人:舌技
TALENT:MASTER:181 , 素質:主人:指技
TALENT:MASTER:182 , 素質:主人:足技
TALENT:MASTER:183 , 素質:主人:腰技
TALENT:MASTER:184 , 素質:主人:魔乳
TALENT:MASTER:185 , 素質:主人:调教知识
TALENT:MASTER:190 , 素質:主人:给我变成玩具啦
TALENT:MASTER:191 , 素質:主人:甜言蜜语
TALENT:MASTER:192 , 素質:主人:高潮管理
TALENT:MASTER:193 , 素質:主人:歌唱技能
TALENT:MASTER:194 , 素質:主人:弱点
TALENT:MASTER:195 , 素質:主人:性癖
TALENT:MASTER:196 , 素質:主人:将来性
TALENT:MASTER:197 , 素質:主人:中意的体位
TALENT:MASTER:200 , 素質:主人:梦魇
TALENT:MASTER:201 , 素質:主人:上位梦魇
TALENT:MASTER:202 , 素質:主人:眷属
TALENT:MASTER:203 , 素質:主人:魔王之碎片
TALENT:MASTER:210 , 素質:主人:誓約
TALENT:MASTER:211 , 素質:主人:相思相爱
TALENT:MASTER:220 , 素質:主人:阴蒂穿环
TALENT:MASTER:221 , 素質:主人:阴唇穿环
TALENT:MASTER:222 , 素質:主人:乳头穿环
TALENT:MASTER:223 , 素質:主人:肚脐穿环
TALENT:MASTER:224 , 素質:主人:避孕之護符
TALENT:MASTER:225 , 素質:主人:全天插棒
TALENT:MASTER:226 , 素質:主人:全天塞肛
TALENT:MASTER:230 , 素質:主人:小根术
TALENT:MASTER:231 , 素質:主人:高敏术
TALENT:MASTER:232 , 素質:主人:精强术
TALENT:MASTER:233 , 素質:主人:魅强术
TALENT:MASTER:234 , 素質:主人:防强术
TALENT:MASTER:235 , 素質:主人:斯道克
TALENT:MASTER:236 , 素質:主人:回复术
TALENT:MASTER:237 , 素質:主人:倍化术
TALENT:MASTER:238 , 素質:主人:解强化术
TALENT:MASTER:239 , 素質:主人:解弱化术
TALENT:MASTER:240 , 素質:主人:束缚术
TALENT:MASTER:241 , 素質:主人:全强术
TALENT:MASTER:242 , 素質:主人:大根术
TALENT:MASTER:243 , 素質:主人:快感术
TALENT:MASTER:501 , 素質:主人:EP强化
TALENT:MASTER:502 , 素質:主人:精力强化
TALENT:MASTER:503 , 素質:主人:技巧强化
TALENT:MASTER:504 , 素質:主人:精神力强化
TALENT:MASTER:505 , 素質:主人:魅力强化
TALENT:MASTER:506 , 素質:主人:弹药量増加
TALENT:MASTER:510 , 素質:主人:C强化
TALENT:MASTER:511 , 素質:主人:V强化
TALENT:MASTER:512 , 素質:主人:A强化
TALENT:MASTER:513 , 素質:主人:B强化
TALENT:MASTER:514 , 素質:主人:M强化
TALENT:MASTER:520 , 素質:主人:Ｈ氛围
TALENT:MASTER:521 , 素質:主人:实行值
TALENT:MASTER:522 , 素質:主人:得到的快感
TALENT:MASTER:523 , 素質:主人:逆推率
TALENT:MASTER:524 , 素質:主人:取得経験值率
TALENT:MASTER:530 , 素質:主人:被动技：精强术
TALENT:MASTER:531 , 素質:主人:被动技：小根术
TALENT:MASTER:532 , 素質:主人:被动技：高敏术
TALENT:MASTER:533 , 素質:主人:被动技：大根术
TALENT:MASTER:550 , 素質:主人:隐密
TALENT:MASTER:551 , 素質:主人:宝箱出现率
TALENT:MASTER:552 , 素質:主人:门扉发现率
,
;●素質:助手へ变换,
TALENT:ASSI:0 , 素質:助手:处女
TALENT:ASSI:1 , 素質:助手:A处女
TALENT:ASSI:2 , 素質:助手:阴茎
TALENT:ASSI:3 , 素質:助手:外表年龄
TALENT:ASSI:4 , 素質:助手:V名器
TALENT:ASSI:5 , 素質:助手:A名器
TALENT:ASSI:6 , 素質:助手:喉名器
TALENT:ASSI:7 , 素質:助手:尿道名器
TALENT:ASSI:9 , 素質:助手:性経験全无
TALENT:ASSI:10 , 素質:助手:胆怯
TALENT:ASSI:11 , 素質:助手:反抗心
TALENT:ASSI:12 , 素質:助手:刚强
TALENT:ASSI:13 , 素質:助手:坦率
TALENT:ASSI:14 , 素質:助手:内向
TALENT:ASSI:15 , 素質:助手:傲慢
TALENT:ASSI:16 , 素質:助手:自大
TALENT:ASSI:17 , 素質:助手:低姿态
TALENT:ASSI:18 , 素質:助手:强硬
TALENT:ASSI:19 , 素質:助手:坏心眼
TALENT:ASSI:20 , 素質:助手:冷静
TALENT:ASSI:21 , 素質:助手:不关心
TALENT:ASSI:22 , 素質:助手:缺乏情感
TALENT:ASSI:23 , 素質:助手:好奇心
TALENT:ASSI:24 , 素質:助手:保守
TALENT:ASSI:25 , 素質:助手:开朗
TALENT:ASSI:26 , 素質:助手:阴郁
TALENT:ASSI:27 , 素質:助手:难以逾越的界线
TALENT:ASSI:28 , 素質:助手:喜欢受人注目
TALENT:ASSI:30 , 素質:助手:看重贞操
TALENT:ASSI:31 , 素質:助手:贞操无定
TALENT:ASSI:32 , 素質:助手:压抑
TALENT:ASSI:33 , 素質:助手:解放
TALENT:ASSI:34 , 素質:助手:抵抗
TALENT:ASSI:35 , 素質:助手:怕羞
TALENT:ASSI:36 , 素質:助手:不知耻
TALENT:ASSI:38 , 素質:助手:纯情
TALENT:ASSI:39 , 素質:助手:清纯
TALENT:ASSI:40 , 素質:助手:怕痛
TALENT:ASSI:41 , 素質:助手:耐痛
TALENT:ASSI:42 , 素質:助手:容易湿
TALENT:ASSI:43 , 素質:助手:不易湿
TALENT:ASSI:44 , 素質:助手:V损伤
TALENT:ASSI:45 , 素質:助手:A损伤
TALENT:ASSI:46 , 素質:助手:优雅
TALENT:ASSI:47 , 素質:助手:粗野
TALENT:ASSI:48 , 素質:助手:肠液分泌体質
TALENT:ASSI:49 , 素質:助手:被射敏感
TALENT:ASSI:50 , 素質:助手:聪慧
TALENT:ASSI:51 , 素質:助手:愚笨
TALENT:ASSI:52 , 素質:助手:嘔吐反射耐性
TALENT:ASSI:53 , 素質:助手:针术
TALENT:ASSI:54 , 素質:助手:猫舌
TALENT:ASSI:55 , 素質:助手:调合知识
TALENT:ASSI:56 , 素質:助手:药毒耐性
TALENT:ASSI:57 , 素質:助手:漏尿癖
TALENT:ASSI:58 , 素質:助手:晚泄
TALENT:ASSI:59 , 素質:助手:扩张补正
TALENT:ASSI:60 , 素質:助手:爱自慰
TALENT:ASSI:61 , 素質:助手:气味钝感
TALENT:ASSI:62 , 素質:助手:气味敏感
TALENT:ASSI:63 , 素質:助手:献身
TALENT:ASSI:64 , 素質:助手:无视脏污
TALENT:ASSI:65 , 素質:助手:百发百中
TALENT:ASSI:66 , 素質:助手:召唤之天才
TALENT:ASSI:67 , 素質:助手:召唤之天災
TALENT:ASSI:69 , 素質:助手:发情体質
TALENT:ASSI:70 , 素質:助手:接受快感
TALENT:ASSI:71 , 素質:助手:否认快感
TALENT:ASSI:72 , 素質:助手:容易成瘾
TALENT:ASSI:73 , 素質:助手:吸精体質
TALENT:ASSI:74 , 素質:助手:淫穴
TALENT:ASSI:75 , 素質:助手:好色
TALENT:ASSI:76 , 素質:助手:淫乱
TALENT:ASSI:77 , 素質:助手:尻穴狂
TALENT:ASSI:78 , 素質:助手:淫乳
TALENT:ASSI:79 , 素質:助手:淫核
TALENT:ASSI:80 , 素質:助手:性变态
TALENT:ASSI:81 , 素質:助手:通吃
TALENT:ASSI:82 , 素質:助手:嫌恶性别男
TALENT:ASSI:83 , 素質:助手:抖S
TALENT:ASSI:84 , 素質:助手:嫉妬
TALENT:ASSI:85 , 素質:助手:恋慕
TALENT:ASSI:86 , 素質:助手:妄信
TALENT:ASSI:87 , 素質:助手:小恶魔
TALENT:ASSI:88 , 素質:助手:抖M
TALENT:ASSI:89 , 素質:助手:荡唇
TALENT:ASSI:90 , 素質:助手:妖狐
TALENT:ASSI:91 , 素質:助手:魅惑
TALENT:ASSI:92 , 素質:助手:迷之魅力
TALENT:ASSI:93 , 素質:助手:偏爱
TALENT:ASSI:94 , 素質:助手:初体験对象
TALENT:ASSI:96 , 素質:助手:M钝感
TALENT:ASSI:97 , 素質:助手:M敏感
TALENT:ASSI:98 , 素質:助手:男孩子？
TALENT:ASSI:99 , 素質:助手:高大
TALENT:ASSI:100 , 素質:助手:娇小
TALENT:ASSI:101 , 素質:助手:C钝感
TALENT:ASSI:102 , 素質:助手:C敏感
TALENT:ASSI:103 , 素質:助手:V钝感
TALENT:ASSI:104 , 素質:助手:V敏感
TALENT:ASSI:105 , 素質:助手:A钝感
TALENT:ASSI:106 , 素質:助手:A敏感
TALENT:ASSI:107 , 素質:助手:B钝感
TALENT:ASSI:108 , 素質:助手:B敏感
TALENT:ASSI:109 , 素質:助手:贫乳
TALENT:ASSI:110 , 素質:助手:巨乳
TALENT:ASSI:111 , 素質:助手:回復快
TALENT:ASSI:112 , 素質:助手:回復慢
TALENT:ASSI:113 , 素質:助手:魅力
TALENT:ASSI:114 , 素質:助手:吸血鬼
TALENT:ASSI:115 , 素質:助手:日光浴
TALENT:ASSI:116 , 素質:助手:月光浴
TALENT:ASSI:117 , 素質:助手:治疗
TALENT:ASSI:118 , 素質:助手:鼓舞
TALENT:ASSI:119 , 素質:助手:一般人
TALENT:ASSI:120 , 素質:助手:性别女
TALENT:ASSI:121 , 素質:助手:扶她
TALENT:ASSI:122 , 素質:助手:性别男
TALENT:ASSI:123 , 素質:助手:狂气
TALENT:ASSI:124 , 素質:助手:兽耳
TALENT:ASSI:125 , 素質:助手:禁断之知识
TALENT:ASSI:126 , 素質:助手:人气
TALENT:ASSI:127 , 素質:助手:具现
TALENT:ASSI:128 , 素質:助手:尾巴
TALENT:ASSI:129 , 素質:助手:龙之血
TALENT:ASSI:130 , 素質:助手:泌乳体質
TALENT:ASSI:131 , 素質:助手:幼儿／幼儿退行
TALENT:ASSI:132 , 素質:助手:幼稚
TALENT:ASSI:133 , 素質:助手:早泄
TALENT:ASSI:134 , 素質:助手:童贞
TALENT:ASSI:135 , 素質:助手:孕娠
TALENT:ASSI:136 , 素質:助手:生产经历
TALENT:ASSI:137 , 素質:助手:避孕中
TALENT:ASSI:138 , 素質:助手:小臀
TALENT:ASSI:139 , 素質:助手:巨臀
TALENT:ASSI:140 , 素質:助手:喉性感
TALENT:ASSI:141 , 素質:助手:子宮性感
TALENT:ASSI:142 , 素質:助手:尿道性感
TALENT:ASSI:143 , 素質:助手:尿道狂
TALENT:ASSI:150 , 素質:助手:妖精
TALENT:ASSI:151 , 素質:助手:魔法使
TALENT:ASSI:152 , 素質:助手:拉米亚
TALENT:ASSI:153 , 素質:助手:人鱼
TALENT:ASSI:154 , 素質:助手:魔导人偶
TALENT:ASSI:155 , 素質:助手:哈比
TALENT:ASSI:156 , 素質:助手:旧日支配者的末裔
TALENT:ASSI:157 , 素質:助手:龙骑兵
TALENT:ASSI:158 , 素質:助手:史莱姆
TALENT:ASSI:159 , 素質:助手:多手
TALENT:ASSI:160 , 素質:助手:犄角
TALENT:ASSI:161 , 素質:助手:翼
TALENT:ASSI:162 , 素質:助手:力量
TALENT:ASSI:163 , 素質:助手:兽足
TALENT:ASSI:164 , 素質:助手:肤色
TALENT:ASSI:165 , 素質:助手:四足歩行
TALENT:ASSI:180 , 素質:助手:舌技
TALENT:ASSI:181 , 素質:助手:指技
TALENT:ASSI:182 , 素質:助手:足技
TALENT:ASSI:183 , 素質:助手:腰技
TALENT:ASSI:184 , 素質:助手:魔乳
TALENT:ASSI:185 , 素質:助手:调教知识
TALENT:ASSI:190 , 素質:助手:给我变成玩具啦
TALENT:ASSI:191 , 素質:助手:甜言蜜语
TALENT:ASSI:192 , 素質:助手:高潮管理
TALENT:ASSI:193 , 素質:助手:歌唱技能
TALENT:ASSI:194 , 素質:助手:弱点
TALENT:ASSI:195 , 素質:助手:性癖
TALENT:ASSI:196 , 素質:助手:将来性
TALENT:ASSI:197 , 素質:助手:中意的体位
TALENT:ASSI:200 , 素質:助手:梦魇
TALENT:ASSI:201 , 素質:助手:上位梦魇
TALENT:ASSI:202 , 素質:助手:眷属
TALENT:ASSI:203 , 素質:助手:魔王之碎片
TALENT:ASSI:210 , 素質:助手:誓約
TALENT:ASSI:211 , 素質:助手:相思相爱
TALENT:ASSI:220 , 素質:助手:阴蒂穿环
TALENT:ASSI:221 , 素質:助手:阴唇穿环
TALENT:ASSI:222 , 素質:助手:乳头穿环
TALENT:ASSI:223 , 素質:助手:肚脐穿环
TALENT:ASSI:224 , 素質:助手:避孕之護符
TALENT:ASSI:225 , 素質:助手:全天插棒
TALENT:ASSI:226 , 素質:助手:全天塞肛
TALENT:ASSI:230 , 素質:助手:小根术
TALENT:ASSI:231 , 素質:助手:高敏术
TALENT:ASSI:232 , 素質:助手:精强术
TALENT:ASSI:233 , 素質:助手:魅强术
TALENT:ASSI:234 , 素質:助手:防强术
TALENT:ASSI:235 , 素質:助手:斯道克
TALENT:ASSI:236 , 素質:助手:回复术
TALENT:ASSI:237 , 素質:助手:倍化术
TALENT:ASSI:238 , 素質:助手:解强化术
TALENT:ASSI:239 , 素質:助手:解弱化术
TALENT:ASSI:240 , 素質:助手:束缚术
TALENT:ASSI:241 , 素質:助手:全强术
TALENT:ASSI:242 , 素質:助手:大根术
TALENT:ASSI:243 , 素質:助手:快感术
TALENT:ASSI:501 , 素質:助手:EP强化
TALENT:ASSI:502 , 素質:助手:精力强化
TALENT:ASSI:503 , 素質:助手:技巧强化
TALENT:ASSI:504 , 素質:助手:精神力强化
TALENT:ASSI:505 , 素質:助手:魅力强化
TALENT:ASSI:506 , 素質:助手:弹药量増加
TALENT:ASSI:510 , 素質:助手:C强化
TALENT:ASSI:511 , 素質:助手:V强化
TALENT:ASSI:512 , 素質:助手:A强化
TALENT:ASSI:513 , 素質:助手:B强化
TALENT:ASSI:514 , 素質:助手:M强化
TALENT:ASSI:520 , 素質:助手:Ｈ氛围
TALENT:ASSI:521 , 素質:助手:实行值
TALENT:ASSI:522 , 素質:助手:得到的快感
TALENT:ASSI:523 , 素質:助手:逆推率
TALENT:ASSI:524 , 素質:助手:取得経験值率
TALENT:ASSI:530 , 素質:助手:被动技：精强术
TALENT:ASSI:531 , 素質:助手:被动技：小根术
TALENT:ASSI:532 , 素質:助手:被动技：高敏术
TALENT:ASSI:533 , 素質:助手:被动技：大根术
TALENT:ASSI:550 , 素質:助手:隐密
TALENT:ASSI:551 , 素質:助手:宝箱出现率
TALENT:ASSI:552 , 素質:助手:门扉发现率
,
;●素質:奴隶へ变换,
TALENT:TARGET:0 , 素質:奴隶:处女
TALENT:TARGET:1 , 素質:奴隶:A处女
TALENT:TARGET:2 , 素質:奴隶:阴茎
TALENT:TARGET:3 , 素質:奴隶:外表年龄
TALENT:TARGET:4 , 素質:奴隶:V名器
TALENT:TARGET:5 , 素質:奴隶:A名器
TALENT:TARGET:6 , 素質:奴隶:喉名器
TALENT:TARGET:7 , 素質:奴隶:尿道名器
TALENT:TARGET:9 , 素質:奴隶:性経験全无
TALENT:TARGET:10 , 素質:奴隶:胆怯
TALENT:TARGET:11 , 素質:奴隶:反抗心
TALENT:TARGET:12 , 素質:奴隶:刚强
TALENT:TARGET:13 , 素質:奴隶:坦率
TALENT:TARGET:14 , 素質:奴隶:内向
TALENT:TARGET:15 , 素質:奴隶:傲慢
TALENT:TARGET:16 , 素質:奴隶:自大
TALENT:TARGET:17 , 素質:奴隶:低姿态
TALENT:TARGET:18 , 素質:奴隶:强硬
TALENT:TARGET:19 , 素質:奴隶:坏心眼
TALENT:TARGET:20 , 素質:奴隶:冷静
TALENT:TARGET:21 , 素質:奴隶:不关心
TALENT:TARGET:22 , 素質:奴隶:缺乏情感
TALENT:TARGET:23 , 素質:奴隶:好奇心
TALENT:TARGET:24 , 素質:奴隶:保守
TALENT:TARGET:25 , 素質:奴隶:开朗
TALENT:TARGET:26 , 素質:奴隶:阴郁
TALENT:TARGET:27 , 素質:奴隶:难以逾越的界线
TALENT:TARGET:28 , 素質:奴隶:喜欢受人注目
TALENT:TARGET:30 , 素質:奴隶:看重贞操
TALENT:TARGET:31 , 素質:奴隶:贞操无定
TALENT:TARGET:32 , 素質:奴隶:压抑
TALENT:TARGET:33 , 素質:奴隶:解放
TALENT:TARGET:34 , 素質:奴隶:抵抗
TALENT:TARGET:35 , 素質:奴隶:怕羞
TALENT:TARGET:36 , 素質:奴隶:不知耻
TALENT:TARGET:38 , 素質:奴隶:纯情
TALENT:TARGET:39 , 素質:奴隶:清纯
TALENT:TARGET:40 , 素質:奴隶:怕痛
TALENT:TARGET:41 , 素質:奴隶:耐痛
TALENT:TARGET:42 , 素質:奴隶:容易湿
TALENT:TARGET:43 , 素質:奴隶:不易湿
TALENT:TARGET:44 , 素質:奴隶:V损伤
TALENT:TARGET:45 , 素質:奴隶:A损伤
TALENT:TARGET:46 , 素質:奴隶:优雅
TALENT:TARGET:47 , 素質:奴隶:粗野
TALENT:TARGET:48 , 素質:奴隶:肠液分泌体質
TALENT:TARGET:49 , 素質:奴隶:被射敏感
TALENT:TARGET:50 , 素質:奴隶:聪慧
TALENT:TARGET:51 , 素質:奴隶:愚笨
TALENT:TARGET:52 , 素質:奴隶:嘔吐反射耐性
TALENT:TARGET:53 , 素質:奴隶:针术
TALENT:TARGET:54 , 素質:奴隶:猫舌
TALENT:TARGET:55 , 素質:奴隶:调合知识
TALENT:TARGET:56 , 素質:奴隶:药毒耐性
TALENT:TARGET:57 , 素質:奴隶:漏尿癖
TALENT:TARGET:58 , 素質:奴隶:晚泄
TALENT:TARGET:59 , 素質:奴隶:扩张补正
TALENT:TARGET:60 , 素質:奴隶:爱自慰
TALENT:TARGET:61 , 素質:奴隶:气味钝感
TALENT:TARGET:62 , 素質:奴隶:气味敏感
TALENT:TARGET:63 , 素質:奴隶:献身
TALENT:TARGET:64 , 素質:奴隶:无视脏污
TALENT:TARGET:65 , 素質:奴隶:百发百中
TALENT:TARGET:66 , 素質:奴隶:召唤之天才
TALENT:TARGET:67 , 素質:奴隶:召唤之天災
TALENT:TARGET:69 , 素質:奴隶:发情体質
TALENT:TARGET:70 , 素質:奴隶:接受快感
TALENT:TARGET:71 , 素質:奴隶:否认快感
TALENT:TARGET:72 , 素質:奴隶:容易成瘾
TALENT:TARGET:73 , 素質:奴隶:吸精体質
TALENT:TARGET:74 , 素質:奴隶:淫穴
TALENT:TARGET:75 , 素質:奴隶:好色
TALENT:TARGET:76 , 素質:奴隶:淫乱
TALENT:TARGET:77 , 素質:奴隶:尻穴狂
TALENT:TARGET:78 , 素質:奴隶:淫乳
TALENT:TARGET:79 , 素質:奴隶:淫核
TALENT:TARGET:80 , 素質:奴隶:性变态
TALENT:TARGET:81 , 素質:奴隶:通吃
TALENT:TARGET:82 , 素質:奴隶:嫌恶性别男
TALENT:TARGET:83 , 素質:奴隶:抖S
TALENT:TARGET:84 , 素質:奴隶:嫉妬
TALENT:TARGET:85 , 素質:奴隶:恋慕
TALENT:TARGET:86 , 素質:奴隶:妄信
TALENT:TARGET:87 , 素質:奴隶:小恶魔
TALENT:TARGET:88 , 素質:奴隶:抖M
TALENT:TARGET:89 , 素質:奴隶:荡唇
TALENT:TARGET:90 , 素質:奴隶:妖狐
TALENT:TARGET:91 , 素質:奴隶:魅惑
TALENT:TARGET:92 , 素質:奴隶:迷之魅力
TALENT:TARGET:93 , 素質:奴隶:偏爱
TALENT:TARGET:94 , 素質:奴隶:初体験对象
TALENT:TARGET:96 , 素質:奴隶:M钝感
TALENT:TARGET:97 , 素質:奴隶:M敏感
TALENT:TARGET:98 , 素質:奴隶:男孩子？
TALENT:TARGET:99 , 素質:奴隶:高大
TALENT:TARGET:100 , 素質:奴隶:娇小
TALENT:TARGET:101 , 素質:奴隶:C钝感
TALENT:TARGET:102 , 素質:奴隶:C敏感
TALENT:TARGET:103 , 素質:奴隶:V钝感
TALENT:TARGET:104 , 素質:奴隶:V敏感
TALENT:TARGET:105 , 素質:奴隶:A钝感
TALENT:TARGET:106 , 素質:奴隶:A敏感
TALENT:TARGET:107 , 素質:奴隶:B钝感
TALENT:TARGET:108 , 素質:奴隶:B敏感
TALENT:TARGET:109 , 素質:奴隶:贫乳
TALENT:TARGET:110 , 素質:奴隶:巨乳
TALENT:TARGET:111 , 素質:奴隶:回復快
TALENT:TARGET:112 , 素質:奴隶:回復慢
TALENT:TARGET:113 , 素質:奴隶:魅力
TALENT:TARGET:114 , 素質:奴隶:吸血鬼
TALENT:TARGET:115 , 素質:奴隶:日光浴
TALENT:TARGET:116 , 素質:奴隶:月光浴
TALENT:TARGET:117 , 素質:奴隶:治疗
TALENT:TARGET:118 , 素質:奴隶:鼓舞
TALENT:TARGET:119 , 素質:奴隶:一般人
TALENT:TARGET:120 , 素質:奴隶:性别女
TALENT:TARGET:121 , 素質:奴隶:扶她
TALENT:TARGET:122 , 素質:奴隶:性别男
TALENT:TARGET:123 , 素質:奴隶:狂气
TALENT:TARGET:124 , 素質:奴隶:兽耳
TALENT:TARGET:125 , 素質:奴隶:禁断之知识
TALENT:TARGET:126 , 素質:奴隶:人气
TALENT:TARGET:127 , 素質:奴隶:具现
TALENT:TARGET:128 , 素質:奴隶:尾巴
TALENT:TARGET:129 , 素質:奴隶:龙之血
TALENT:TARGET:130 , 素質:奴隶:泌乳体質
TALENT:TARGET:131 , 素質:奴隶:幼儿／幼儿退行
TALENT:TARGET:132 , 素質:奴隶:幼稚
TALENT:TARGET:133 , 素質:奴隶:早泄
TALENT:TARGET:134 , 素質:奴隶:童贞
TALENT:TARGET:135 , 素質:奴隶:孕娠
TALENT:TARGET:136 , 素質:奴隶:生产经历
TALENT:TARGET:137 , 素質:奴隶:避孕中
TALENT:TARGET:138 , 素質:奴隶:小臀
TALENT:TARGET:139 , 素質:奴隶:巨臀
TALENT:TARGET:140 , 素質:奴隶:喉性感
TALENT:TARGET:141 , 素質:奴隶:子宮性感
TALENT:TARGET:142 , 素質:奴隶:尿道性感
TALENT:TARGET:143 , 素質:奴隶:尿道狂
TALENT:TARGET:150 , 素質:奴隶:妖精
TALENT:TARGET:151 , 素質:奴隶:魔法使
TALENT:TARGET:152 , 素質:奴隶:拉米亚
TALENT:TARGET:153 , 素質:奴隶:人鱼
TALENT:TARGET:154 , 素質:奴隶:魔导人偶
TALENT:TARGET:155 , 素質:奴隶:哈比
TALENT:TARGET:156 , 素質:奴隶:旧日支配者的末裔
TALENT:TARGET:157 , 素質:奴隶:龙骑兵
TALENT:TARGET:158 , 素質:奴隶:史莱姆
TALENT:TARGET:159 , 素質:奴隶:多手
TALENT:TARGET:160 , 素質:奴隶:犄角
TALENT:TARGET:161 , 素質:奴隶:翼
TALENT:TARGET:162 , 素質:奴隶:力量
TALENT:TARGET:163 , 素質:奴隶:兽足
TALENT:TARGET:164 , 素質:奴隶:肤色
TALENT:TARGET:165 , 素質:奴隶:四足歩行
TALENT:TARGET:180 , 素質:奴隶:舌技
TALENT:TARGET:181 , 素質:奴隶:指技
TALENT:TARGET:182 , 素質:奴隶:足技
TALENT:TARGET:183 , 素質:奴隶:腰技
TALENT:TARGET:184 , 素質:奴隶:魔乳
TALENT:TARGET:185 , 素質:奴隶:调教知识
TALENT:TARGET:190 , 素質:奴隶:给我变成玩具啦
TALENT:TARGET:191 , 素質:奴隶:甜言蜜语
TALENT:TARGET:192 , 素質:奴隶:高潮管理
TALENT:TARGET:193 , 素質:奴隶:歌唱技能
TALENT:TARGET:194 , 素質:奴隶:弱点
TALENT:TARGET:195 , 素質:奴隶:性癖
TALENT:TARGET:196 , 素質:奴隶:将来性
TALENT:TARGET:197 , 素質:奴隶:中意的体位
TALENT:TARGET:200 , 素質:奴隶:梦魇
TALENT:TARGET:201 , 素質:奴隶:上位梦魇
TALENT:TARGET:202 , 素質:奴隶:眷属
TALENT:TARGET:203 , 素質:奴隶:魔王之碎片
TALENT:TARGET:210 , 素質:奴隶:誓約
TALENT:TARGET:211 , 素質:奴隶:相思相爱
TALENT:TARGET:220 , 素質:奴隶:阴蒂穿环
TALENT:TARGET:221 , 素質:奴隶:阴唇穿环
TALENT:TARGET:222 , 素質:奴隶:乳头穿环
TALENT:TARGET:223 , 素質:奴隶:肚脐穿环
TALENT:TARGET:224 , 素質:奴隶:避孕之護符
TALENT:TARGET:225 , 素質:奴隶:全天插棒
TALENT:TARGET:226 , 素質:奴隶:全天塞肛
TALENT:TARGET:230 , 素質:奴隶:小根术
TALENT:TARGET:231 , 素質:奴隶:高敏术
TALENT:TARGET:232 , 素質:奴隶:精强术
TALENT:TARGET:233 , 素質:奴隶:魅强术
TALENT:TARGET:234 , 素質:奴隶:防强术
TALENT:TARGET:235 , 素質:奴隶:斯道克
TALENT:TARGET:236 , 素質:奴隶:回复术
TALENT:TARGET:237 , 素質:奴隶:倍化术
TALENT:TARGET:238 , 素質:奴隶:解强化术
TALENT:TARGET:239 , 素質:奴隶:解弱化术
TALENT:TARGET:240 , 素質:奴隶:束缚术
TALENT:TARGET:241 , 素質:奴隶:全强术
TALENT:TARGET:242 , 素質:奴隶:大根术
TALENT:TARGET:243 , 素質:奴隶:快感术
TALENT:TARGET:501 , 素質:奴隶:EP强化
TALENT:TARGET:502 , 素質:奴隶:精力强化
TALENT:TARGET:503 , 素質:奴隶:技巧强化
TALENT:TARGET:504 , 素質:奴隶:精神力强化
TALENT:TARGET:505 , 素質:奴隶:魅力强化
TALENT:TARGET:506 , 素質:奴隶:弹药量増加
TALENT:TARGET:510 , 素質:奴隶:C强化
TALENT:TARGET:511 , 素質:奴隶:V强化
TALENT:TARGET:512 , 素質:奴隶:A强化
TALENT:TARGET:513 , 素質:奴隶:B强化
TALENT:TARGET:514 , 素質:奴隶:M强化
TALENT:TARGET:520 , 素質:奴隶:Ｈ氛围
TALENT:TARGET:521 , 素質:奴隶:实行值
TALENT:TARGET:522 , 素質:奴隶:得到的快感
TALENT:TARGET:523 , 素質:奴隶:逆推率
TALENT:TARGET:524 , 素質:奴隶:取得経験值率
TALENT:TARGET:530 , 素質:奴隶:被动技：精强术
TALENT:TARGET:531 , 素質:奴隶:被动技：小根术
TALENT:TARGET:532 , 素質:奴隶:被动技：高敏术
TALENT:TARGET:533 , 素質:奴隶:被动技：大根术
TALENT:TARGET:550 , 素質:奴隶:隐密
TALENT:TARGET:551 , 素質:奴隶:宝箱出现率
TALENT:TARGET:552 , 素質:奴隶:门扉发现率
,
;●能力名称へ变换,
ABLNAME:0 , 能力名称:顺从
ABLNAME:1 , 能力名称:欲望
ABLNAME:2 , 能力名称:技巧
ABLNAME:3 , 能力名称:C感觉
ABLNAME:4 , 能力名称:V感觉
ABLNAME:5 , 能力名称:A感觉
ABLNAME:6 , 能力名称:侍奉精神
ABLNAME:7 , 能力名称:露阴癖
ABLNAME:8 , 能力名称:M属性
ABLNAME:9 , 能力名称:百合属性
ABLNAME:10 , 能力名称:自慰成瘾
ABLNAME:11 , 能力名称:精液成瘾
ABLNAME:13 , 能力名称:男同属性
ABLNAME:14 , 能力名称:B感觉
ABLNAME:15 , 能力名称:S属性
ABLNAME:16 , 能力名称:M感觉
ABLNAME:20 , 能力名称:尿道扩张
ABLNAME:21 , 能力名称:尿道名器度
ABLNAME:22 , 能力名称:V技巧
ABLNAME:23 , 能力名称:V扩张
ABLNAME:24 , 能力名称:V名器度
ABLNAME:25 , 能力名称:A技巧
ABLNAME:26 , 能力名称:A扩张
ABLNAME:27 , 能力名称:A名器度
ABLNAME:28 , 能力名称:喉扩张
ABLNAME:29 , 能力名称:喉名器度
ABLNAME:30 , 能力名称:舌技
ABLNAME:31 , 能力名称:指技
ABLNAME:32 , 能力名称:足技
ABLNAME:33 , 能力名称:腰技
ABLNAME:34 , 能力名称:魔乳
ABLNAME:40 , 能力名称:手
ABLNAME:41 , 能力名称:口
ABLNAME:42 , 能力名称:胸
ABLNAME:43 , 能力名称:足
ABLNAME:44 , 能力名称:顔面骑乘
ABLNAME:45 , 能力名称:骑乘位
ABLNAME:46 , 能力名称:接吻
ABLNAME:47 , 能力名称:肛虐
ABLNAME:48 , 能力名称:强暴
ABLNAME:49 , 能力名称:素股
ABLNAME:50 , 能力名称:道具
ABLNAME:90 , 能力名称:LV
ABLNAME:91 , 能力名称:助手
,
;●能力:调教者へ变换,
ABL:PLAYER:0 , 能力:调教者:顺从
ABL:PLAYER:1 , 能力:调教者:欲望
ABL:PLAYER:2 , 能力:调教者:技巧
ABL:PLAYER:3 , 能力:调教者:C感觉
ABL:PLAYER:4 , 能力:调教者:V感觉
ABL:PLAYER:5 , 能力:调教者:A感觉
ABL:PLAYER:6 , 能力:调教者:侍奉精神
ABL:PLAYER:7 , 能力:调教者:露阴癖
ABL:PLAYER:8 , 能力:调教者:M属性
ABL:PLAYER:9 , 能力:调教者:百合属性
ABL:PLAYER:10 , 能力:调教者:自慰成瘾
ABL:PLAYER:11 , 能力:调教者:精液成瘾
ABL:PLAYER:13 , 能力:调教者:男同属性
ABL:PLAYER:14 , 能力:调教者:B感觉
ABL:PLAYER:15 , 能力:调教者:S属性
ABL:PLAYER:16 , 能力:调教者:M感觉
ABL:PLAYER:20 , 能力:调教者:尿道扩张
ABL:PLAYER:21 , 能力:调教者:尿道名器度
ABL:PLAYER:22 , 能力:调教者:V技巧
ABL:PLAYER:23 , 能力:调教者:V扩张
ABL:PLAYER:24 , 能力:调教者:V名器度
ABL:PLAYER:25 , 能力:调教者:A技巧
ABL:PLAYER:26 , 能力:调教者:A扩张
ABL:PLAYER:27 , 能力:调教者:A名器度
ABL:PLAYER:28 , 能力:调教者:喉扩张
ABL:PLAYER:29 , 能力:调教者:喉名器度
ABL:PLAYER:30 , 能力:调教者:舌技
ABL:PLAYER:31 , 能力:调教者:指技
ABL:PLAYER:32 , 能力:调教者:足技
ABL:PLAYER:33 , 能力:调教者:腰技
ABL:PLAYER:34 , 能力:调教者:魔乳
ABL:PLAYER:40 , 能力:调教者:手
ABL:PLAYER:41 , 能力:调教者:口
ABL:PLAYER:42 , 能力:调教者:胸
ABL:PLAYER:43 , 能力:调教者:足
ABL:PLAYER:44 , 能力:调教者:顔面骑乘
ABL:PLAYER:45 , 能力:调教者:骑乘位
ABL:PLAYER:46 , 能力:调教者:接吻
ABL:PLAYER:47 , 能力:调教者:肛虐
ABL:PLAYER:48 , 能力:调教者:强暴
ABL:PLAYER:49 , 能力:调教者:素股
ABL:PLAYER:50 , 能力:调教者:道具
ABL:PLAYER:90 , 能力:调教者:LV
ABL:PLAYER:91 , 能力:调教者:助手
,
;●能力:主人へ变换,
ABL:PLAYER:0 , 能力:主人:顺从
ABL:PLAYER:1 , 能力:主人:欲望
ABL:PLAYER:2 , 能力:主人:技巧
ABL:PLAYER:3 , 能力:主人:C感觉
ABL:PLAYER:4 , 能力:主人:V感觉
ABL:PLAYER:5 , 能力:主人:A感觉
ABL:PLAYER:6 , 能力:主人:侍奉精神
ABL:PLAYER:7 , 能力:主人:露阴癖
ABL:PLAYER:8 , 能力:主人:M属性
ABL:PLAYER:9 , 能力:主人:百合属性
ABL:PLAYER:10 , 能力:主人:自慰成瘾
ABL:PLAYER:11 , 能力:主人:精液成瘾
ABL:PLAYER:13 , 能力:主人:男同属性
ABL:PLAYER:14 , 能力:主人:B感觉
ABL:PLAYER:15 , 能力:主人:S属性
ABL:PLAYER:16 , 能力:主人:M感觉
ABL:PLAYER:20 , 能力:主人:尿道扩张
ABL:PLAYER:21 , 能力:主人:尿道名器度
ABL:PLAYER:22 , 能力:主人:V技巧
ABL:PLAYER:23 , 能力:主人:V扩张
ABL:PLAYER:24 , 能力:主人:V名器度
ABL:PLAYER:25 , 能力:主人:A技巧
ABL:PLAYER:26 , 能力:主人:A扩张
ABL:PLAYER:27 , 能力:主人:A名器度
ABL:PLAYER:28 , 能力:主人:喉扩张
ABL:PLAYER:29 , 能力:主人:喉名器度
ABL:PLAYER:30 , 能力:主人:舌技
ABL:PLAYER:31 , 能力:主人:指技
ABL:PLAYER:32 , 能力:主人:足技
ABL:PLAYER:33 , 能力:主人:腰技
ABL:PLAYER:34 , 能力:主人:魔乳
ABL:PLAYER:40 , 能力:主人:手
ABL:PLAYER:41 , 能力:主人:口
ABL:PLAYER:42 , 能力:主人:胸
ABL:PLAYER:43 , 能力:主人:足
ABL:PLAYER:44 , 能力:主人:顔面骑乘
ABL:PLAYER:45 , 能力:主人:骑乘位
ABL:PLAYER:46 , 能力:主人:接吻
ABL:PLAYER:47 , 能力:主人:肛虐
ABL:PLAYER:48 , 能力:主人:强暴
ABL:PLAYER:49 , 能力:主人:素股
ABL:PLAYER:50 , 能力:主人:道具
ABL:PLAYER:90 , 能力:主人:LV
ABL:PLAYER:91 , 能力:主人:助手
,
;●能力:助手へ变换,
ABL:ASSI:0 , 能力:助手:顺从
ABL:ASSI:1 , 能力:助手:欲望
ABL:ASSI:2 , 能力:助手:技巧
ABL:ASSI:3 , 能力:助手:C感觉
ABL:ASSI:4 , 能力:助手:V感觉
ABL:ASSI:5 , 能力:助手:A感觉
ABL:ASSI:6 , 能力:助手:侍奉精神
ABL:ASSI:7 , 能力:助手:露阴癖
ABL:ASSI:8 , 能力:助手:M属性
ABL:ASSI:9 , 能力:助手:百合属性
ABL:ASSI:10 , 能力:助手:自慰成瘾
ABL:ASSI:11 , 能力:助手:精液成瘾
ABL:ASSI:13 , 能力:助手:男同属性
ABL:ASSI:14 , 能力:助手:B感觉
ABL:ASSI:15 , 能力:助手:S属性
ABL:ASSI:16 , 能力:助手:M感觉
ABL:ASSI:20 , 能力:助手:尿道扩张
ABL:ASSI:21 , 能力:助手:尿道名器度
ABL:ASSI:22 , 能力:助手:V技巧
ABL:ASSI:23 , 能力:助手:V扩张
ABL:ASSI:24 , 能力:助手:V名器度
ABL:ASSI:25 , 能力:助手:A技巧
ABL:ASSI:26 , 能力:助手:A扩张
ABL:ASSI:27 , 能力:助手:A名器度
ABL:ASSI:28 , 能力:助手:喉扩张
ABL:ASSI:29 , 能力:助手:喉名器度
ABL:ASSI:30 , 能力:助手:舌技
ABL:ASSI:31 , 能力:助手:指技
ABL:ASSI:32 , 能力:助手:足技
ABL:ASSI:33 , 能力:助手:腰技
ABL:ASSI:34 , 能力:助手:魔乳
ABL:ASSI:40 , 能力:助手:手
ABL:ASSI:41 , 能力:助手:口
ABL:ASSI:42 , 能力:助手:胸
ABL:ASSI:43 , 能力:助手:足
ABL:ASSI:44 , 能力:助手:顔面骑乘
ABL:ASSI:45 , 能力:助手:骑乘位
ABL:ASSI:46 , 能力:助手:接吻
ABL:ASSI:47 , 能力:助手:肛虐
ABL:ASSI:48 , 能力:助手:强暴
ABL:ASSI:49 , 能力:助手:素股
ABL:ASSI:50 , 能力:助手:道具
ABL:ASSI:90 , 能力:助手:LV
ABL:ASSI:91 , 能力:助手:助手
,
;●能力:奴隶へ变换,
ABL:TARGET:0 , 能力:奴隶:顺从
ABL:TARGET:1 , 能力:奴隶:欲望
ABL:TARGET:2 , 能力:奴隶:技巧
ABL:TARGET:3 , 能力:奴隶:C感觉
ABL:TARGET:4 , 能力:奴隶:V感觉
ABL:TARGET:5 , 能力:奴隶:A感觉
ABL:TARGET:6 , 能力:奴隶:侍奉精神
ABL:TARGET:7 , 能力:奴隶:露阴癖
ABL:TARGET:8 , 能力:奴隶:M属性
ABL:TARGET:9 , 能力:奴隶:百合属性
ABL:TARGET:10 , 能力:奴隶:自慰成瘾
ABL:TARGET:11 , 能力:奴隶:精液成瘾
ABL:TARGET:13 , 能力:奴隶:男同属性
ABL:TARGET:14 , 能力:奴隶:B感觉
ABL:TARGET:15 , 能力:奴隶:S属性
ABL:TARGET:16 , 能力:奴隶:M感觉
ABL:TARGET:20 , 能力:奴隶:尿道扩张
ABL:TARGET:21 , 能力:奴隶:尿道名器度
ABL:TARGET:22 , 能力:奴隶:V技巧
ABL:TARGET:23 , 能力:奴隶:V扩张
ABL:TARGET:24 , 能力:奴隶:V名器度
ABL:TARGET:25 , 能力:奴隶:A技巧
ABL:TARGET:26 , 能力:奴隶:A扩张
ABL:TARGET:27 , 能力:奴隶:A名器度
ABL:TARGET:28 , 能力:奴隶:喉扩张
ABL:TARGET:29 , 能力:奴隶:喉名器度
ABL:TARGET:30 , 能力:奴隶:舌技
ABL:TARGET:31 , 能力:奴隶:指技
ABL:TARGET:32 , 能力:奴隶:足技
ABL:TARGET:33 , 能力:奴隶:腰技
ABL:TARGET:34 , 能力:奴隶:魔乳
ABL:TARGET:40 , 能力:奴隶:手
ABL:TARGET:41 , 能力:奴隶:口
ABL:TARGET:42 , 能力:奴隶:胸
ABL:TARGET:43 , 能力:奴隶:足
ABL:TARGET:44 , 能力:奴隶:顔面骑乘
ABL:TARGET:45 , 能力:奴隶:骑乘位
ABL:TARGET:46 , 能力:奴隶:接吻
ABL:TARGET:47 , 能力:奴隶:肛虐
ABL:TARGET:48 , 能力:奴隶:强暴
ABL:TARGET:49 , 能力:奴隶:素股
ABL:TARGET:50 , 能力:奴隶:道具
ABL:TARGET:90 , 能力:奴隶:LV
ABL:TARGET:91 , 能力:奴隶:助手
,
;●獲得珠へ变换,
GOTJUEL:0 , 獲得珠:快C
GOTJUEL:1 , 獲得珠:快V
GOTJUEL:2 , 獲得珠:快A
GOTJUEL:4 , 獲得珠:恭顺
GOTJUEL:5 , 獲得珠:欲情
GOTJUEL:6 , 獲得珠:屈服
GOTJUEL:7 , 獲得珠:习得
GOTJUEL:8 , 獲得珠:恥情
GOTJUEL:9 , 獲得珠:苦痛
GOTJUEL:10 , 獲得珠:恐怖
GOTJUEL:11 , 獲得珠:反感
GOTJUEL:14 , 獲得珠:快B
GOTJUEL:15 , 獲得珠:快M
GOTJUEL:20 , 獲得珠:快CBＯＮＵS
GOTJUEL:21 , 獲得珠:快VBＯＮＵS
GOTJUEL:22 , 獲得珠:快ABＯＮＵS
GOTJUEL:23 , 獲得珠:快BBＯＮＵS
GOTJUEL:24 , 獲得珠:快MBＯＮＵS
,
;●経験名称へ变换,
EXPNAME:0 , 経験名称:V经验
EXPNAME:1 , 経験名称:A经验
EXPNAME:2 , 経験名称:绝顶経験
EXPNAME:3 , 経験名称:射精経験
EXPNAME:4 , 経験名称:助手経験
EXPNAME:5 , 経験名称:経験值
EXPNAME:6 , 経験名称:高潮回数
EXPNAME:7 , 経験名称:调教回数
EXPNAME:8 , 経験名称:子宮経験
EXPNAME:9 , 経験名称:
EXPNAME:10 , 経験名称:自慰経験
EXPNAME:11 , 経験名称:处女篡夺経験
EXPNAME:12 , 経験名称:V性交経験
EXPNAME:13 , 経験名称:A性交経験
EXPNAME:14 , 経験名称:童贞猎取経験
EXPNAME:15 , 経験名称:V插入経験
EXPNAME:16 , 経験名称:A插入経験
EXPNAME:17 , 経験名称:膣内精液経験
EXPNAME:18 , 経験名称:肛内精液経験
EXPNAME:19 , 経験名称:饮精経験
EXPNAME:20 , 経験名称:精液経験
EXPNAME:21 , 経験名称:奉仕快乐経験
EXPNAME:22 , 経験名称:口交経験
EXPNAME:23 , 経験名称:手交経験
EXPNAME:24 , 経験名称:足交経験
EXPNAME:25 , 経験名称:腰技経験
EXPNAME:26 , 経験名称:乳交経験
EXPNAME:27 , 経験名称:肛虐経験
EXPNAME:28 , 経験名称:舐阴経験
EXPNAME:29 , 経験名称:刺激尿道経験
EXPNAME:30 , 経験名称:被虐快乐経験
EXPNAME:31 , 経験名称:放尿経験
EXPNAME:32 , 経験名称:嗜虐快乐経験
EXPNAME:33 , 経験名称:漏尿経験
EXPNAME:34 , 経験名称:露出経験
EXPNAME:35 , 経験名称:灌肠経験
EXPNAME:36 , 経験名称:羞恥快乐経験
EXPNAME:37 , 経験名称:剃毛経験
EXPNAME:38 , 経験名称:尿道経験
EXPNAME:40 , 経験名称:百合経験
EXPNAME:41 , 経験名称:男同経験
EXPNAME:42 , 経験名称:SM経験
EXPNAME:43 , 経験名称:圣水経験
EXPNAME:44 , 経験名称:饮尿経験
EXPNAME:45 , 経験名称:B性交経験
EXPNAME:46 , 経験名称:B插入経験
EXPNAME:47 , 経験名称:乳内精液経験
EXPNAME:48 , 経験名称:膣内浴尿経験
EXPNAME:49 , 経験名称:温泉灌肠経験
EXPNAME:50 , 経験名称:异常経験
EXPNAME:51 , 経験名称:紧縛経験
EXPNAME:53 , 経験名称:V扩张经验
EXPNAME:54 , 経験名称:喷乳経験
EXPNAME:55 , 経験名称:触手経験
EXPNAME:56 , 経験名称:史莱姆経験
EXPNAME:57 , 経験名称:A扩张经验
EXPNAME:58 , 経験名称:媚药経験
EXPNAME:59 , 経験名称:摄影経験
EXPNAME:60 , 経験名称:歌唱経験
EXPNAME:61 , 経験名称:V龙奸経験
EXPNAME:62 , 経験名称:穿环経験
EXPNAME:63 , 経験名称:A龙奸経験
EXPNAME:64 , 経験名称:V损伤経験
EXPNAME:65 , 経験名称:A损伤経験
EXPNAME:66 , 経験名称:V拳交経験
EXPNAME:67 , 経験名称:A拳交経験
EXPNAME:68 , 経験名称:子宮奸経験
EXPNAME:69 , 経験名称:子宮浴尿経験
EXPNAME:70 , 経験名称:接吻経験
EXPNAME:71 , 経験名称:吮指経験
EXPNAME:72 , 経験名称:吸精経験
EXPNAME:73 , 経験名称:授乳経験
EXPNAME:74 , 経験名称:饮乳経験
EXPNAME:75 , 経験名称:乳内浴尿経験
EXPNAME:76 , 経験名称:喉性交経験
EXPNAME:77 , 経験名称:尿道扩张経験
EXPNAME:78 , 経験名称:尿道性交経験
EXPNAME:79 , 経験名称:尿道插入経験
EXPNAME:80 , 経験名称:膀胱精液経験
EXPNAME:81 , 経験名称:输尿経験
,
;●経験:调教者へ变换,
EXP:PLAYER:0 , 経験:调教者:V经验
EXP:PLAYER:1 , 経験:调教者:A经验
EXP:PLAYER:2 , 経験:调教者:绝顶経験
EXP:PLAYER:3 , 経験:调教者:射精経験
EXP:PLAYER:4 , 経験:调教者:助手経験
EXP:PLAYER:5 , 経験:调教者:経験值
EXP:PLAYER:6 , 経験:调教者:高潮回数
EXP:PLAYER:7 , 経験:调教者:调教回数
EXP:PLAYER:8 , 経験:调教者:子宮経験
EXP:PLAYER:9 , 経験:调教者:
EXP:PLAYER:10 , 経験:调教者:自慰経験
EXP:PLAYER:11 , 経験:调教者:处女篡夺経験
EXP:PLAYER:12 , 経験:调教者:V性交経験
EXP:PLAYER:13 , 経験:调教者:A性交経験
EXP:PLAYER:14 , 経験:调教者:童贞猎取経験
EXP:PLAYER:15 , 経験:调教者:V插入経験
EXP:PLAYER:16 , 経験:调教者:A插入経験
EXP:PLAYER:17 , 経験:调教者:膣内精液経験
EXP:PLAYER:18 , 経験:调教者:肛内精液経験
EXP:PLAYER:19 , 経験:调教者:饮精経験
EXP:PLAYER:20 , 経験:调教者:精液経験
EXP:PLAYER:21 , 経験:调教者:奉仕快乐経験
EXP:PLAYER:22 , 経験:调教者:口交経験
EXP:PLAYER:23 , 経験:调教者:手交経験
EXP:PLAYER:24 , 経験:调教者:足交経験
EXP:PLAYER:25 , 経験:调教者:腰技経験
EXP:PLAYER:26 , 経験:调教者:乳交経験
EXP:PLAYER:27 , 経験:调教者:肛虐経験
EXP:PLAYER:28 , 経験:调教者:舐阴経験
EXP:PLAYER:29 , 経験:调教者:刺激尿道経験
EXP:PLAYER:30 , 経験:调教者:被虐快乐経験
EXP:PLAYER:31 , 経験:调教者:放尿経験
EXP:PLAYER:32 , 経験:调教者:嗜虐快乐経験
EXP:PLAYER:33 , 経験:调教者:漏尿経験
EXP:PLAYER:34 , 経験:调教者:露出経験
EXP:PLAYER:35 , 経験:调教者:灌肠経験
EXP:PLAYER:36 , 経験:调教者:羞恥快乐経験
EXP:PLAYER:37 , 経験:调教者:剃毛経験
EXP:PLAYER:38 , 経験:调教者:尿道経験
EXP:PLAYER:40 , 経験:调教者:百合経験
EXP:PLAYER:41 , 経験:调教者:男同経験
EXP:PLAYER:42 , 経験:调教者:SM経験
EXP:PLAYER:43 , 経験:调教者:圣水経験
EXP:PLAYER:44 , 経験:调教者:饮尿経験
EXP:PLAYER:45 , 経験:调教者:B性交経験
EXP:PLAYER:46 , 経験:调教者:B插入経験
EXP:PLAYER:47 , 経験:调教者:乳内精液経験
EXP:PLAYER:48 , 経験:调教者:膣内浴尿経験
EXP:PLAYER:49 , 経験:调教者:温泉灌肠経験
EXP:PLAYER:50 , 経験:调教者:异常経験
EXP:PLAYER:51 , 経験:调教者:紧縛経験
EXP:PLAYER:53 , 経験:调教者:V扩张经验
EXP:PLAYER:54 , 経験:调教者:喷乳経験
EXP:PLAYER:55 , 経験:调教者:触手経験
EXP:PLAYER:56 , 経験:调教者:史莱姆経験
EXP:PLAYER:57 , 経験:调教者:A扩张经验
EXP:PLAYER:58 , 経験:调教者:媚药経験
EXP:PLAYER:59 , 経験:调教者:摄影経験
EXP:PLAYER:60 , 経験:调教者:歌唱経験
EXP:PLAYER:61 , 経験:调教者:V龙奸経験
EXP:PLAYER:62 , 経験:调教者:穿环経験
EXP:PLAYER:63 , 経験:调教者:A龙奸経験
EXP:PLAYER:64 , 経験:调教者:V损伤経験
EXP:PLAYER:65 , 経験:调教者:A损伤経験
EXP:PLAYER:66 , 経験:调教者:V拳交経験
EXP:PLAYER:67 , 経験:调教者:A拳交経験
EXP:PLAYER:68 , 経験:调教者:子宮奸経験
EXP:PLAYER:69 , 経験:调教者:子宮浴尿経験
EXP:PLAYER:70 , 経験:调教者:接吻経験
EXP:PLAYER:71 , 経験:调教者:吮指経験
EXP:PLAYER:72 , 経験:调教者:吸精経験
EXP:PLAYER:73 , 経験:调教者:授乳経験
EXP:PLAYER:74 , 経験:调教者:饮乳経験
EXP:PLAYER:75 , 経験:调教者:乳内浴尿経験
EXP:PLAYER:76 , 経験:调教者:喉性交経験
EXP:PLAYER:77 , 経験:调教者:尿道扩张経験
EXP:PLAYER:78 , 経験:调教者:尿道性交経験
EXP:PLAYER:79 , 経験:调教者:尿道插入経験
EXP:PLAYER:80 , 経験:调教者:膀胱精液経験
EXP:PLAYER:81 , 経験:调教者:输尿経験
,
;●経験:主人へ变换,
EXP:MASTER:0 , 経験:主人:V经验
EXP:MASTER:1 , 経験:主人:A经验
EXP:MASTER:2 , 経験:主人:绝顶経験
EXP:MASTER:3 , 経験:主人:射精経験
EXP:MASTER:4 , 経験:主人:助手経験
EXP:MASTER:5 , 経験:主人:経験值
EXP:MASTER:6 , 経験:主人:高潮回数
EXP:MASTER:7 , 経験:主人:调教回数
EXP:MASTER:8 , 経験:主人:子宮経験
EXP:MASTER:9 , 経験:主人:
EXP:MASTER:10 , 経験:主人:自慰経験
EXP:MASTER:11 , 経験:主人:处女篡夺経験
EXP:MASTER:12 , 経験:主人:V性交経験
EXP:MASTER:13 , 経験:主人:A性交経験
EXP:MASTER:14 , 経験:主人:童贞猎取経験
EXP:MASTER:15 , 経験:主人:V插入経験
EXP:MASTER:16 , 経験:主人:A插入経験
EXP:MASTER:17 , 経験:主人:膣内精液経験
EXP:MASTER:18 , 経験:主人:肛内精液経験
EXP:MASTER:19 , 経験:主人:饮精経験
EXP:MASTER:20 , 経験:主人:精液経験
EXP:MASTER:21 , 経験:主人:奉仕快乐経験
EXP:MASTER:22 , 経験:主人:口交経験
EXP:MASTER:23 , 経験:主人:手交経験
EXP:MASTER:24 , 経験:主人:足交経験
EXP:MASTER:25 , 経験:主人:腰技経験
EXP:MASTER:26 , 経験:主人:乳交経験
EXP:MASTER:27 , 経験:主人:肛虐経験
EXP:MASTER:28 , 経験:主人:舐阴経験
EXP:MASTER:29 , 経験:主人:刺激尿道経験
EXP:MASTER:30 , 経験:主人:被虐快乐経験
EXP:MASTER:31 , 経験:主人:放尿経験
EXP:MASTER:32 , 経験:主人:嗜虐快乐経験
EXP:MASTER:33 , 経験:主人:漏尿経験
EXP:MASTER:34 , 経験:主人:露出経験
EXP:MASTER:35 , 経験:主人:灌肠経験
EXP:MASTER:36 , 経験:主人:羞恥快乐経験
EXP:MASTER:37 , 経験:主人:剃毛経験
EXP:MASTER:38 , 経験:主人:尿道経験
EXP:MASTER:40 , 経験:主人:百合経験
EXP:MASTER:41 , 経験:主人:男同経験
EXP:MASTER:42 , 経験:主人:SM経験
EXP:MASTER:43 , 経験:主人:圣水経験
EXP:MASTER:44 , 経験:主人:饮尿経験
EXP:MASTER:45 , 経験:主人:B性交経験
EXP:MASTER:46 , 経験:主人:B插入経験
EXP:MASTER:47 , 経験:主人:乳内精液経験
EXP:MASTER:48 , 経験:主人:膣内浴尿経験
EXP:MASTER:49 , 経験:主人:温泉灌肠経験
EXP:MASTER:50 , 経験:主人:异常経験
EXP:MASTER:51 , 経験:主人:紧縛経験
EXP:MASTER:53 , 経験:主人:V扩张经验
EXP:MASTER:54 , 経験:主人:喷乳経験
EXP:MASTER:55 , 経験:主人:触手経験
EXP:MASTER:56 , 経験:主人:史莱姆経験
EXP:MASTER:57 , 経験:主人:A扩张经验
EXP:MASTER:58 , 経験:主人:媚药経験
EXP:MASTER:59 , 経験:主人:摄影経験
EXP:MASTER:60 , 経験:主人:歌唱経験
EXP:MASTER:61 , 経験:主人:V龙奸経験
EXP:MASTER:62 , 経験:主人:穿环経験
EXP:MASTER:63 , 経験:主人:A龙奸経験
EXP:MASTER:64 , 経験:主人:V损伤経験
EXP:MASTER:65 , 経験:主人:A损伤経験
EXP:MASTER:66 , 経験:主人:V拳交経験
EXP:MASTER:67 , 経験:主人:A拳交経験
EXP:MASTER:68 , 経験:主人:子宮奸経験
EXP:MASTER:69 , 経験:主人:子宮浴尿経験
EXP:MASTER:70 , 経験:主人:接吻経験
EXP:MASTER:71 , 経験:主人:吮指経験
EXP:MASTER:72 , 経験:主人:吸精経験
EXP:MASTER:73 , 経験:主人:授乳経験
EXP:MASTER:74 , 経験:主人:饮乳経験
EXP:MASTER:75 , 経験:主人:乳内浴尿経験
EXP:MASTER:76 , 経験:主人:喉性交経験
EXP:MASTER:77 , 経験:主人:尿道扩张経験
EXP:MASTER:78 , 経験:主人:尿道性交経験
EXP:MASTER:79 , 経験:主人:尿道插入経験
EXP:MASTER:80 , 経験:主人:膀胱精液経験
EXP:MASTER:81 , 経験:主人:输尿経験
,
;●経験:助手へ变换,
EXP:ASSI:0 , 経験:助手:V经验
EXP:ASSI:1 , 経験:助手:A经验
EXP:ASSI:2 , 経験:助手:绝顶経験
EXP:ASSI:3 , 経験:助手:射精経験
EXP:ASSI:4 , 経験:助手:助手経験
EXP:ASSI:5 , 経験:助手:経験值
EXP:ASSI:6 , 経験:助手:高潮回数
EXP:ASSI:7 , 経験:助手:调教回数
EXP:ASSI:8 , 経験:助手:子宮経験
EXP:ASSI:9 , 経験:助手:
EXP:ASSI:10 , 経験:助手:自慰経験
EXP:ASSI:11 , 経験:助手:处女篡夺経験
EXP:ASSI:12 , 経験:助手:V性交経験
EXP:ASSI:13 , 経験:助手:A性交経験
EXP:ASSI:14 , 経験:助手:童贞猎取経験
EXP:ASSI:15 , 経験:助手:V插入経験
EXP:ASSI:16 , 経験:助手:A插入経験
EXP:ASSI:17 , 経験:助手:膣内精液経験
EXP:ASSI:18 , 経験:助手:肛内精液経験
EXP:ASSI:19 , 経験:助手:饮精経験
EXP:ASSI:20 , 経験:助手:精液経験
EXP:ASSI:21 , 経験:助手:奉仕快乐経験
EXP:ASSI:22 , 経験:助手:口交経験
EXP:ASSI:23 , 経験:助手:手交経験
EXP:ASSI:24 , 経験:助手:足交経験
EXP:ASSI:25 , 経験:助手:腰技経験
EXP:ASSI:26 , 経験:助手:乳交経験
EXP:ASSI:27 , 経験:助手:肛虐経験
EXP:ASSI:28 , 経験:助手:舐阴経験
EXP:ASSI:29 , 経験:助手:刺激尿道経験
EXP:ASSI:30 , 経験:助手:被虐快乐経験
EXP:ASSI:31 , 経験:助手:放尿経験
EXP:ASSI:32 , 経験:助手:嗜虐快乐経験
EXP:ASSI:33 , 経験:助手:漏尿経験
EXP:ASSI:34 , 経験:助手:露出経験
EXP:ASSI:35 , 経験:助手:灌肠経験
EXP:ASSI:36 , 経験:助手:羞恥快乐経験
EXP:ASSI:37 , 経験:助手:剃毛経験
EXP:ASSI:38 , 経験:助手:尿道経験
EXP:ASSI:40 , 経験:助手:百合経験
EXP:ASSI:41 , 経験:助手:男同経験
EXP:ASSI:42 , 経験:助手:SM経験
EXP:ASSI:43 , 経験:助手:圣水経験
EXP:ASSI:44 , 経験:助手:饮尿経験
EXP:ASSI:45 , 経験:助手:B性交経験
EXP:ASSI:46 , 経験:助手:B插入経験
EXP:ASSI:47 , 経験:助手:乳内精液経験
EXP:ASSI:48 , 経験:助手:膣内浴尿経験
EXP:ASSI:49 , 経験:助手:温泉灌肠経験
EXP:ASSI:50 , 経験:助手:异常経験
EXP:ASSI:51 , 経験:助手:紧縛経験
EXP:ASSI:53 , 経験:助手:V扩张经验
EXP:ASSI:54 , 経験:助手:喷乳経験
EXP:ASSI:55 , 経験:助手:触手経験
EXP:ASSI:56 , 経験:助手:史莱姆経験
EXP:ASSI:57 , 経験:助手:A扩张经验
EXP:ASSI:58 , 経験:助手:媚药経験
EXP:ASSI:59 , 経験:助手:摄影経験
EXP:ASSI:60 , 経験:助手:歌唱経験
EXP:ASSI:61 , 経験:助手:V龙奸経験
EXP:ASSI:62 , 経験:助手:穿环経験
EXP:ASSI:63 , 経験:助手:A龙奸経験
EXP:ASSI:64 , 経験:助手:V损伤経験
EXP:ASSI:65 , 経験:助手:A损伤経験
EXP:ASSI:66 , 経験:助手:V拳交経験
EXP:ASSI:67 , 経験:助手:A拳交経験
EXP:ASSI:68 , 経験:助手:子宮奸経験
EXP:ASSI:69 , 経験:助手:子宮浴尿経験
EXP:ASSI:70 , 経験:助手:接吻経験
EXP:ASSI:71 , 経験:助手:吮指経験
EXP:ASSI:72 , 経験:助手:吸精経験
EXP:ASSI:73 , 経験:助手:授乳経験
EXP:ASSI:74 , 経験:助手:饮乳経験
EXP:ASSI:75 , 経験:助手:乳内浴尿経験
EXP:ASSI:76 , 経験:助手:喉性交経験
EXP:ASSI:77 , 経験:助手:尿道扩张経験
EXP:ASSI:78 , 経験:助手:尿道性交経験
EXP:ASSI:79 , 経験:助手:尿道插入経験
EXP:ASSI:80 , 経験:助手:膀胱精液経験
EXP:ASSI:81 , 経験:助手:输尿経験
,
;●経験:奴隶へ变换,
EXP:TARGET:0 , 経験:奴隶:V经验
EXP:TARGET:1 , 経験:奴隶:A经验
EXP:TARGET:2 , 経験:奴隶:绝顶経験
EXP:TARGET:3 , 経験:奴隶:射精経験
EXP:TARGET:4 , 経験:奴隶:助手経験
EXP:TARGET:5 , 経験:奴隶:経験值
EXP:TARGET:6 , 経験:奴隶:高潮回数
EXP:TARGET:7 , 経験:奴隶:调教回数
EXP:TARGET:8 , 経験:奴隶:子宮経験
EXP:TARGET:9 , 経験:奴隶:
EXP:TARGET:10 , 経験:奴隶:自慰経験
EXP:TARGET:11 , 経験:奴隶:处女篡夺経験
EXP:TARGET:12 , 経験:奴隶:V性交経験
EXP:TARGET:13 , 経験:奴隶:A性交経験
EXP:TARGET:14 , 経験:奴隶:童贞猎取経験
EXP:TARGET:15 , 経験:奴隶:V插入経験
EXP:TARGET:16 , 経験:奴隶:A插入経験
EXP:TARGET:17 , 経験:奴隶:膣内精液経験
EXP:TARGET:18 , 経験:奴隶:肛内精液経験
EXP:TARGET:19 , 経験:奴隶:饮精経験
EXP:TARGET:20 , 経験:奴隶:精液経験
EXP:TARGET:21 , 経験:奴隶:奉仕快乐経験
EXP:TARGET:22 , 経験:奴隶:口交経験
EXP:TARGET:23 , 経験:奴隶:手交経験
EXP:TARGET:24 , 経験:奴隶:足交経験
EXP:TARGET:25 , 経験:奴隶:腰技経験
EXP:TARGET:26 , 経験:奴隶:乳交経験
EXP:TARGET:27 , 経験:奴隶:肛虐経験
EXP:TARGET:28 , 経験:奴隶:舐阴経験
EXP:TARGET:29 , 経験:奴隶:刺激尿道経験
EXP:TARGET:30 , 経験:奴隶:被虐快乐経験
EXP:TARGET:31 , 経験:奴隶:放尿経験
EXP:TARGET:32 , 経験:奴隶:嗜虐快乐経験
EXP:TARGET:33 , 経験:奴隶:漏尿経験
EXP:TARGET:34 , 経験:奴隶:露出経験
EXP:TARGET:35 , 経験:奴隶:灌肠経験
EXP:TARGET:36 , 経験:奴隶:羞恥快乐経験
EXP:TARGET:37 , 経験:奴隶:剃毛経験
EXP:TARGET:38 , 経験:奴隶:尿道経験
EXP:TARGET:40 , 経験:奴隶:百合経験
EXP:TARGET:41 , 経験:奴隶:男同経験
EXP:TARGET:42 , 経験:奴隶:SM経験
EXP:TARGET:43 , 経験:奴隶:圣水経験
EXP:TARGET:44 , 経験:奴隶:饮尿経験
EXP:TARGET:45 , 経験:奴隶:B性交経験
EXP:TARGET:46 , 経験:奴隶:B插入経験
EXP:TARGET:47 , 経験:奴隶:乳内精液経験
EXP:TARGET:48 , 経験:奴隶:膣内浴尿経験
EXP:TARGET:49 , 経験:奴隶:温泉灌肠経験
EXP:TARGET:50 , 経験:奴隶:异常経験
EXP:TARGET:51 , 経験:奴隶:紧縛経験
EXP:TARGET:53 , 経験:奴隶:V扩张经验
EXP:TARGET:54 , 経験:奴隶:喷乳経験
EXP:TARGET:55 , 経験:奴隶:触手経験
EXP:TARGET:56 , 経験:奴隶:史莱姆経験
EXP:TARGET:57 , 経験:奴隶:A扩张经验
EXP:TARGET:58 , 経験:奴隶:媚药経験
EXP:TARGET:59 , 経験:奴隶:摄影経験
EXP:TARGET:60 , 経験:奴隶:歌唱経験
EXP:TARGET:61 , 経験:奴隶:V龙奸経験
EXP:TARGET:62 , 経験:奴隶:穿环経験
EXP:TARGET:63 , 経験:奴隶:A龙奸経験
EXP:TARGET:64 , 経験:奴隶:V损伤経験
EXP:TARGET:65 , 経験:奴隶:A损伤経験
EXP:TARGET:66 , 経験:奴隶:V拳交経験
EXP:TARGET:67 , 経験:奴隶:A拳交経験
EXP:TARGET:68 , 経験:奴隶:子宮奸経験
EXP:TARGET:69 , 経験:奴隶:子宮浴尿経験
EXP:TARGET:70 , 経験:奴隶:接吻経験
EXP:TARGET:71 , 経験:奴隶:吮指経験
EXP:TARGET:72 , 経験:奴隶:吸精経験
EXP:TARGET:73 , 経験:奴隶:授乳経験
EXP:TARGET:74 , 経験:奴隶:饮乳経験
EXP:TARGET:75 , 経験:奴隶:乳内浴尿経験
EXP:TARGET:76 , 経験:奴隶:喉性交経験
EXP:TARGET:77 , 経験:奴隶:尿道扩张経験
EXP:TARGET:78 , 経験:奴隶:尿道性交経験
EXP:TARGET:79 , 経験:奴隶:尿道插入経験
EXP:TARGET:80 , 経験:奴隶:膀胱精液経験
EXP:TARGET:81 , 経験:奴隶:输尿経験
,
;●道具名称へ变换,
ITEMNAME:0 , 道具名称:跳蛋
ITEMNAME:1 , 道具名称:按摩棒
ITEMNAME:2 , 道具名称:电动按摩器
ITEMNAME:3 , 道具名称:肛用按摩棒
ITEMNAME:4 , 道具名称:假阴茎
ITEMNAME:5 , 道具名称:眼罩
ITEMNAME:6 , 道具名称:摄像机
ITEMNAME:7 , 道具名称:阴蒂夹
ITEMNAME:8 , 道具名称:乳头夹
ITEMNAME:9 , 道具名称:口塞套件
ITEMNAME:10 , 道具名称:鞭
ITEMNAME:11 , 道具名称:针
ITEMNAME:12 , 道具名称:飞机杯
ITEMNAME:13 , 道具名称:地垫
ITEMNAME:14 , 道具名称:拘束工具
ITEMNAME:15 , 道具名称:灌肠器＋肛塞
ITEMNAME:16 , 道具名称:穿环套件
ITEMNAME:17 , 道具名称:搾乳器
ITEMNAME:18 , 道具名称:项圈
ITEMNAME:19 , 道具名称:触手使役術
ITEMNAME:20 , 道具名称:围裙
ITEMNAME:21 , 道具名称:大鏡
ITEMNAME:22 , 道具名称:打气筒
ITEMNAME:23 , 道具名称:扩张扩张气囊
ITEMNAME:24 , 道具名称:导尿管
ITEMNAME:25 , 道具名称:肛珠
ITEMNAME:26 , 道具名称:魔法瓶
ITEMNAME:27 , 道具名称:夜之阳傘
ITEMNAME:30 , 道具名称:润滑液
ITEMNAME:31 , 道具名称:媚药
ITEMNAME:32 , 道具名称:利尿剂
ITEMNAME:33 , 道具名称:录像带
ITEMNAME:34 , 道具名称:镇静剂
ITEMNAME:35 , 道具名称:排卵诱发剂
ITEMNAME:36 , 道具名称:沐浴剂
ITEMNAME:37 , 道具名称:肌肉松弛剂
ITEMNAME:40 , 道具名称:茉莉香
ITEMNAME:41 , 道具名称:薰衣草香
ITEMNAME:42 , 道具名称:麝香
ITEMNAME:43 , 道具名称:檀香
ITEMNAME:44 , 道具名称:迷迭香
ITEMNAME:49 , 道具名称:乳香
ITEMNAME:50 , 道具名称:元气之药
ITEMNAME:51 , 道具名称:扶她药
ITEMNAME:55 , 道具名称:青色糖果
ITEMNAME:56 , 道具名称:赤色糖果
ITEMNAME:57 , 道具名称:黒色糖果
ITEMNAME:58 , 道具名称:白色糖果
ITEMNAME:60 , 道具名称:☆技巧Lv
ITEMNAME:61 , 道具名称:☆高潮管理
ITEMNAME:62 , 道具名称:☆无视脏污
ITEMNAME:64 , 道具名称:☆禁断之知识
ITEMNAME:65 , 道具名称:☆调合大全
ITEMNAME:66 , 道具名称:☆调教知识
ITEMNAME:70 , 道具名称:生毛药
ITEMNAME:71 , 道具名称:脱毛剂
ITEMNAME:72 , 道具名称:口服避孕药
ITEMNAME:73 , 道具名称:紧急避孕药
ITEMNAME:74 , 道具名称:避孕之護符
ITEMNAME:78 , 道具名称:淫魔水滴
ITEMNAME:79 , 道具名称:精液储蓄量
ITEMNAME:90 , 道具名称:誓約之巻轴
ITEMNAME:91 , 道具名称:誓約之指环
ITEMNAME:94 , 道具名称:扭曲之时钟
ITEMNAME:95 , 道具名称:化蝶之梦
ITEMNAME:96 , 道具名称:砥砺思维之石
ITEMNAME:97 , 道具名称:等级限制器
ITEMNAME:98 , 道具名称:記憶消去药
ITEMNAME:99 , 道具名称:月之糖果
ITEMNAME:101 , 道具名称:魅魔
ITEMNAME:102 , 道具名称:因普
ITEMNAME:103 , 道具名称:树仙
ITEMNAME:104 , 道具名称:皮克西
ITEMNAME:105 , 道具名称:希尔芙
ITEMNAME:106 , 道具名称:猫又
ITEMNAME:107 , 道具名称:狼女
ITEMNAME:108 , 道具名称:村女
ITEMNAME:109 , 道具名称:V.村女
ITEMNAME:110 , 道具名称:拉米亚
ITEMNAME:111 , 道具名称:哈比
ITEMNAME:112 , 道具名称:蜥蜴女
ITEMNAME:113 , 道具名称:人鱼
ITEMNAME:114 , 道具名称:飞天
ITEMNAME:115 , 道具名称:海妖
ITEMNAME:116 , 道具名称:葛叶
ITEMNAME:117 , 道具名称:梅芙女王
ITEMNAME:118 , 道具名称:阿拉克涅
ITEMNAME:119 , 道具名称:女巫
ITEMNAME:120 , 道具名称:天使
ITEMNAME:121 , 道具名称:路西法
ITEMNAME:122 , 道具名称:女忍
ITEMNAME:123 , 道具名称:白兔
ITEMNAME:124 , 道具名称:莎乐美
ITEMNAME:125 , 道具名称:吸血姬
ITEMNAME:126 , 道具名称:龙骑兵
ITEMNAME:127 , 道具名称:女占卜家
ITEMNAME:128 , 道具名称:女士兵
ITEMNAME:129 , 道具名称:史莱姆
ITEMNAME:130 , 道具名称:独角兽
ITEMNAME:131 , 道具名称:哥布林
ITEMNAME:132 , 道具名称:玛夏
ITEMNAME:133 , 道具名称:宝箱怪
ITEMNAME:134 , 道具名称:斯图娜
ITEMNAME:135 , 道具名称:梅罗娜
ITEMNAME:137 , 道具名称:芙蕾德莉卡
ITEMNAME:138 , 道具名称:爱丝普拉娜
ITEMNAME:139 , 道具名称:莉兹?拉兹
ITEMNAME:140 , 道具名称:萝柯?芭萝柯
ITEMNAME:141 , 道具名称:炸脖龙
ITEMNAME:142 , 道具名称:捆攫妖
ITEMNAME:143 , 道具名称:伽伽鸟
ITEMNAME:144 , 道具名称:小铃
ITEMNAME:146 , 道具名称:克拉拉
ITEMNAME:147 , 道具名称:贝尔娜多忒
ITEMNAME:148 , 道具名称:爱丝忒
ITEMNAME:149 , 道具名称:芬布尔薇特
ITEMNAME:150 , 道具名称:斯黛拉
ITEMNAME:152 , 道具名称:露薇莎
ITEMNAME:154 , 道具名称:梅尔娅
ITEMNAME:155 , 道具名称:少女
ITEMNAME:157 , 道具名称:黒萨菲
ITEMNAME:158 , 道具名称:三月兔
ITEMNAME:159 , 道具名称:朵洛雷丝
ITEMNAME:160 , 道具名称:蜜蜂娘
ITEMNAME:161 , 道具名称:战乙女
ITEMNAME:194 , 道具名称:拉尔斯
ITEMNAME:198 , 道具名称:您
ITEMNAME:300 , 道具名称:瓷質茶匙
ITEMNAME:301 , 道具名称:瓷質茶杯
ITEMNAME:302 , 道具名称:银質茶匙
ITEMNAME:303 , 道具名称:银制茶杯
ITEMNAME:304 , 道具名称:秘银茶匙
ITEMNAME:305 , 道具名称:秘银茶杯
ITEMNAME:310 , 道具名称:罗兹尼尔詩集
ITEMNAME:311 , 道具名称:灼焼思考之炎
ITEMNAME:312 , 道具名称:紋白蝶
ITEMNAME:320 , 道具名称:朦胧手镯
ITEMNAME:321 , 道具名称:朦胧袖饰
ITEMNAME:322 , 道具名称:朦胧手套
ITEMNAME:323 , 道具名称:朦胧绶带
ITEMNAME:324 , 道具名称:朦胧指环
ITEMNAME:325 , 道具名称:朦胧宝石
ITEMNAME:330 , 道具名称:巨根药
ITEMNAME:331 , 道具名称:缩根药
ITEMNAME:332 , 道具名称:剥皮药
ITEMNAME:333 , 道具名称:伸皮药
ITEMNAME:334 , 道具名称:丰胸药
ITEMNAME:335 , 道具名称:贫乳药
ITEMNAME:336 , 道具名称:巨人之药
ITEMNAME:337 , 道具名称:小人之药
ITEMNAME:338 , 道具名称:虹之药
ITEMNAME:339 , 道具名称:桃尻药
ITEMNAME:340 , 道具名称:小臀药
ITEMNAME:341 , 道具名称:淫紋
ITEMNAME:401 , 道具名称:梦魇之比基尼
ITEMNAME:402 , 道具名称:小恶魔打底裤
ITEMNAME:410 , 道具名称:拉米亚之鱗
ITEMNAME:411 , 道具名称:哈比之羽根
ITEMNAME:500 , 道具名称:女教師
ITEMNAME:501 , 道具名称:和服
ITEMNAME:502 , 道具名称:妹抖服
ITEMNAME:503 , 道具名称:体操服
ITEMNAME:504 , 道具名称:护士服
ITEMNAME:505 , 道具名称:旗袍
ITEMNAME:506 , 道具名称:水手服
ITEMNAME:507 , 道具名称:巫女服
ITEMNAME:508 , 道具名称:吊带睡裙
ITEMNAME:509 , 道具名称:婚礼裙装
ITEMNAME:510 , 道具名称:哥特萝莉洋装
ITEMNAME:511 , 道具名称:拉拉队服
ITEMNAME:512 , 道具名称:睡衣
ITEMNAME:520 , 道具名称:比基尼
ITEMNAME:521 , 道具名称:学校泳装
ITEMNAME:522 , 道具名称:糟糕体操紧身服
ITEMNAME:523 , 道具名称:紧缚衣
ITEMNAME:524 , 道具名称:兔女郎装
ITEMNAME:525 , 道具名称:连身泳装
ITEMNAME:600 , 道具名称:小根术
ITEMNAME:601 , 道具名称:高敏术
ITEMNAME:602 , 道具名称:精强术
ITEMNAME:603 , 道具名称:魅强术
ITEMNAME:604 , 道具名称:防强术
ITEMNAME:605 , 道具名称:斯道克
ITEMNAME:606 , 道具名称:回复术
ITEMNAME:607 , 道具名称:倍化术
ITEMNAME:608 , 道具名称:解强化术
ITEMNAME:609 , 道具名称:解弱化术
ITEMNAME:610 , 道具名称:束缚术
ITEMNAME:611 , 道具名称:全强术
ITEMNAME:612 , 道具名称:大根术
ITEMNAME:613 , 道具名称:快感术
,
;●道具販売中へ变换,
ITEMSALES:0 , 道具販売中:跳蛋
ITEMSALES:1 , 道具販売中:按摩棒
ITEMSALES:2 , 道具販売中:电动按摩器
ITEMSALES:3 , 道具販売中:肛用按摩棒
ITEMSALES:4 , 道具販売中:假阴茎
ITEMSALES:5 , 道具販売中:眼罩
ITEMSALES:6 , 道具販売中:摄像机
ITEMSALES:7 , 道具販売中:阴蒂夹
ITEMSALES:8 , 道具販売中:乳头夹
ITEMSALES:9 , 道具販売中:口塞套件
ITEMSALES:10 , 道具販売中:鞭
ITEMSALES:11 , 道具販売中:针
ITEMSALES:12 , 道具販売中:飞机杯
ITEMSALES:13 , 道具販売中:地垫
ITEMSALES:14 , 道具販売中:拘束工具
ITEMSALES:15 , 道具販売中:灌肠器＋肛塞
ITEMSALES:16 , 道具販売中:穿环套件
ITEMSALES:17 , 道具販売中:搾乳器
ITEMSALES:18 , 道具販売中:项圈
ITEMSALES:19 , 道具販売中:触手使役術
ITEMSALES:20 , 道具販売中:围裙
ITEMSALES:21 , 道具販売中:大鏡
ITEMSALES:22 , 道具販売中:打气筒
ITEMSALES:23 , 道具販売中:扩张扩张气囊
ITEMSALES:24 , 道具販売中:导尿管
ITEMSALES:25 , 道具販売中:肛珠
ITEMSALES:26 , 道具販売中:魔法瓶
ITEMSALES:27 , 道具販売中:夜之阳傘
ITEMSALES:30 , 道具販売中:润滑液
ITEMSALES:31 , 道具販売中:媚药
ITEMSALES:32 , 道具販売中:利尿剂
ITEMSALES:33 , 道具販売中:录像带
ITEMSALES:34 , 道具販売中:镇静剂
ITEMSALES:35 , 道具販売中:排卵诱发剂
ITEMSALES:36 , 道具販売中:沐浴剂
ITEMSALES:37 , 道具販売中:肌肉松弛剂
ITEMSALES:40 , 道具販売中:茉莉香
ITEMSALES:41 , 道具販売中:薰衣草香
ITEMSALES:42 , 道具販売中:麝香
ITEMSALES:43 , 道具販売中:檀香
ITEMSALES:44 , 道具販売中:迷迭香
ITEMSALES:49 , 道具販売中:乳香
ITEMSALES:50 , 道具販売中:元气之药
ITEMSALES:51 , 道具販売中:扶她药
ITEMSALES:55 , 道具販売中:青色糖果
ITEMSALES:56 , 道具販売中:赤色糖果
ITEMSALES:57 , 道具販売中:黒色糖果
ITEMSALES:58 , 道具販売中:白色糖果
ITEMSALES:60 , 道具販売中:☆技巧Lv
ITEMSALES:61 , 道具販売中:☆高潮管理
ITEMSALES:62 , 道具販売中:☆无视脏污
ITEMSALES:64 , 道具販売中:☆禁断之知识
ITEMSALES:65 , 道具販売中:☆调合大全
ITEMSALES:66 , 道具販売中:☆调教知识
ITEMSALES:70 , 道具販売中:生毛药
ITEMSALES:71 , 道具販売中:脱毛剂
ITEMSALES:72 , 道具販売中:口服避孕药
ITEMSALES:73 , 道具販売中:紧急避孕药
ITEMSALES:74 , 道具販売中:避孕之護符
ITEMSALES:78 , 道具販売中:淫魔水滴
ITEMSALES:79 , 道具販売中:精液储蓄量
ITEMSALES:90 , 道具販売中:誓約之巻轴
ITEMSALES:91 , 道具販売中:誓約之指环
ITEMSALES:94 , 道具販売中:扭曲之时钟
ITEMSALES:95 , 道具販売中:化蝶之梦
ITEMSALES:96 , 道具販売中:砥砺思维之石
ITEMSALES:97 , 道具販売中:等级限制器
ITEMSALES:98 , 道具販売中:記憶消去药
ITEMSALES:99 , 道具販売中:月之糖果
ITEMSALES:101 , 道具販売中:魅魔
ITEMSALES:102 , 道具販売中:因普
ITEMSALES:103 , 道具販売中:树仙
ITEMSALES:104 , 道具販売中:皮克西
ITEMSALES:105 , 道具販売中:希尔芙
ITEMSALES:106 , 道具販売中:猫又
ITEMSALES:107 , 道具販売中:狼女
ITEMSALES:108 , 道具販売中:村女
ITEMSALES:109 , 道具販売中:V.村女
ITEMSALES:110 , 道具販売中:拉米亚
ITEMSALES:111 , 道具販売中:哈比
ITEMSALES:112 , 道具販売中:蜥蜴女
ITEMSALES:113 , 道具販売中:人鱼
ITEMSALES:114 , 道具販売中:飞天
ITEMSALES:115 , 道具販売中:海妖
ITEMSALES:116 , 道具販売中:葛叶
ITEMSALES:117 , 道具販売中:梅芙女王
ITEMSALES:118 , 道具販売中:阿拉克涅
ITEMSALES:119 , 道具販売中:女巫
ITEMSALES:120 , 道具販売中:天使
ITEMSALES:121 , 道具販売中:路西法
ITEMSALES:122 , 道具販売中:女忍
ITEMSALES:123 , 道具販売中:白兔
ITEMSALES:124 , 道具販売中:莎乐美
ITEMSALES:125 , 道具販売中:吸血姬
ITEMSALES:126 , 道具販売中:龙骑兵
ITEMSALES:127 , 道具販売中:女占卜家
ITEMSALES:128 , 道具販売中:女士兵
ITEMSALES:129 , 道具販売中:史莱姆
ITEMSALES:130 , 道具販売中:独角兽
ITEMSALES:131 , 道具販売中:哥布林
ITEMSALES:132 , 道具販売中:玛夏
ITEMSALES:133 , 道具販売中:宝箱怪
ITEMSALES:134 , 道具販売中:斯图娜
ITEMSALES:135 , 道具販売中:梅罗娜
ITEMSALES:137 , 道具販売中:芙蕾德莉卡
ITEMSALES:138 , 道具販売中:爱丝普拉娜
ITEMSALES:139 , 道具販売中:莉兹?拉兹
ITEMSALES:140 , 道具販売中:萝柯?芭萝柯
ITEMSALES:141 , 道具販売中:炸脖龙
ITEMSALES:142 , 道具販売中:捆攫妖
ITEMSALES:143 , 道具販売中:伽伽鸟
ITEMSALES:144 , 道具販売中:小铃
ITEMSALES:146 , 道具販売中:克拉拉
ITEMSALES:147 , 道具販売中:贝尔娜多忒
ITEMSALES:148 , 道具販売中:爱丝忒
ITEMSALES:149 , 道具販売中:芬布尔薇特
ITEMSALES:150 , 道具販売中:斯黛拉
ITEMSALES:152 , 道具販売中:露薇莎
ITEMSALES:154 , 道具販売中:梅尔娅
ITEMSALES:155 , 道具販売中:少女
ITEMSALES:157 , 道具販売中:黒萨菲
ITEMSALES:158 , 道具販売中:三月兔
ITEMSALES:159 , 道具販売中:朵洛雷丝
ITEMSALES:160 , 道具販売中:蜜蜂娘
ITEMSALES:161 , 道具販売中:战乙女
ITEMSALES:194 , 道具販売中:拉尔斯
ITEMSALES:198 , 道具販売中:您
ITEMSALES:300 , 道具販売中:瓷質茶匙
ITEMSALES:301 , 道具販売中:瓷質茶杯
ITEMSALES:302 , 道具販売中:银質茶匙
ITEMSALES:303 , 道具販売中:银制茶杯
ITEMSALES:304 , 道具販売中:秘银茶匙
ITEMSALES:305 , 道具販売中:秘银茶杯
ITEMSALES:310 , 道具販売中:罗兹尼尔詩集
ITEMSALES:311 , 道具販売中:灼焼思考之炎
ITEMSALES:312 , 道具販売中:紋白蝶
ITEMSALES:320 , 道具販売中:朦胧手镯
ITEMSALES:321 , 道具販売中:朦胧袖饰
ITEMSALES:322 , 道具販売中:朦胧手套
ITEMSALES:323 , 道具販売中:朦胧绶带
ITEMSALES:324 , 道具販売中:朦胧指环
ITEMSALES:325 , 道具販売中:朦胧宝石
ITEMSALES:330 , 道具販売中:巨根药
ITEMSALES:331 , 道具販売中:缩根药
ITEMSALES:332 , 道具販売中:剥皮药
ITEMSALES:333 , 道具販売中:伸皮药
ITEMSALES:334 , 道具販売中:丰胸药
ITEMSALES:335 , 道具販売中:贫乳药
ITEMSALES:336 , 道具販売中:巨人之药
ITEMSALES:337 , 道具販売中:小人之药
ITEMSALES:338 , 道具販売中:虹之药
ITEMSALES:339 , 道具販売中:桃尻药
ITEMSALES:340 , 道具販売中:小臀药
ITEMSALES:341 , 道具販売中:淫紋
ITEMSALES:401 , 道具販売中:梦魇之比基尼
ITEMSALES:402 , 道具販売中:小恶魔打底裤
ITEMSALES:410 , 道具販売中:拉米亚之鱗
ITEMSALES:411 , 道具販売中:哈比之羽根
ITEMSALES:500 , 道具販売中:女教師
ITEMSALES:501 , 道具販売中:和服
ITEMSALES:502 , 道具販売中:妹抖服
ITEMSALES:503 , 道具販売中:体操服
ITEMSALES:504 , 道具販売中:护士服
ITEMSALES:505 , 道具販売中:旗袍
ITEMSALES:506 , 道具販売中:水手服
ITEMSALES:507 , 道具販売中:巫女服
ITEMSALES:508 , 道具販売中:吊带睡裙
ITEMSALES:509 , 道具販売中:婚礼裙装
ITEMSALES:510 , 道具販売中:哥特萝莉洋装
ITEMSALES:511 , 道具販売中:拉拉队服
ITEMSALES:512 , 道具販売中:睡衣
ITEMSALES:520 , 道具販売中:比基尼
ITEMSALES:521 , 道具販売中:学校泳装
ITEMSALES:522 , 道具販売中:糟糕体操紧身服
ITEMSALES:523 , 道具販売中:紧缚衣
ITEMSALES:524 , 道具販売中:兔女郎装
ITEMSALES:525 , 道具販売中:连身泳装
ITEMSALES:600 , 道具販売中:小根术
ITEMSALES:601 , 道具販売中:高敏术
ITEMSALES:602 , 道具販売中:精强术
ITEMSALES:603 , 道具販売中:魅强术
ITEMSALES:604 , 道具販売中:防强术
ITEMSALES:605 , 道具販売中:斯道克
ITEMSALES:606 , 道具販売中:回复术
ITEMSALES:607 , 道具販売中:倍化术
ITEMSALES:608 , 道具販売中:解强化术
ITEMSALES:609 , 道具販売中:解弱化术
ITEMSALES:610 , 道具販売中:束缚术
ITEMSALES:611 , 道具販売中:全强术
ITEMSALES:612 , 道具販売中:大根术
ITEMSALES:613 , 道具販売中:快感术
,
;●道具使用中へ变换,
TEQUIP:0 , 道具使用中:跳蛋
TEQUIP:1 , 道具使用中:按摩棒
TEQUIP:2 , 道具使用中:电动按摩器
TEQUIP:3 , 道具使用中:肛用按摩棒
TEQUIP:4 , 道具使用中:假阴茎
TEQUIP:5 , 道具使用中:眼罩
TEQUIP:6 , 道具使用中:摄像机
TEQUIP:7 , 道具使用中:阴蒂夹
TEQUIP:8 , 道具使用中:乳头夹
TEQUIP:9 , 道具使用中:口塞套件
TEQUIP:10 , 道具使用中:鞭
TEQUIP:11 , 道具使用中:针
TEQUIP:12 , 道具使用中:飞机杯
TEQUIP:13 , 道具使用中:地垫
TEQUIP:14 , 道具使用中:拘束工具
TEQUIP:15 , 道具使用中:灌肠器＋肛塞
TEQUIP:16 , 道具使用中:穿环套件
TEQUIP:17 , 道具使用中:搾乳器
TEQUIP:18 , 道具使用中:项圈
TEQUIP:19 , 道具使用中:触手使役術
TEQUIP:20 , 道具使用中:围裙
TEQUIP:21 , 道具使用中:大鏡
TEQUIP:22 , 道具使用中:打气筒
TEQUIP:23 , 道具使用中:扩张扩张气囊
TEQUIP:24 , 道具使用中:导尿管
TEQUIP:25 , 道具使用中:肛珠
TEQUIP:26 , 道具使用中:魔法瓶
TEQUIP:27 , 道具使用中:夜之阳傘
TEQUIP:30 , 道具使用中:润滑液
TEQUIP:31 , 道具使用中:媚药
TEQUIP:32 , 道具使用中:利尿剂
TEQUIP:33 , 道具使用中:录像带
TEQUIP:34 , 道具使用中:镇静剂
TEQUIP:35 , 道具使用中:排卵诱发剂
TEQUIP:36 , 道具使用中:沐浴剂
TEQUIP:37 , 道具使用中:肌肉松弛剂
TEQUIP:40 , 道具使用中:茉莉香
TEQUIP:41 , 道具使用中:薰衣草香
TEQUIP:42 , 道具使用中:麝香
TEQUIP:43 , 道具使用中:檀香
TEQUIP:44 , 道具使用中:迷迭香
TEQUIP:49 , 道具使用中:乳香
TEQUIP:50 , 道具使用中:元气之药
TEQUIP:51 , 道具使用中:扶她药
TEQUIP:55 , 道具使用中:青色糖果
TEQUIP:56 , 道具使用中:赤色糖果
TEQUIP:57 , 道具使用中:黒色糖果
TEQUIP:58 , 道具使用中:白色糖果
TEQUIP:60 , 道具使用中:☆技巧Lv
TEQUIP:61 , 道具使用中:☆高潮管理
TEQUIP:62 , 道具使用中:☆无视脏污
TEQUIP:64 , 道具使用中:☆禁断之知识
TEQUIP:65 , 道具使用中:☆调合大全
TEQUIP:66 , 道具使用中:☆调教知识
TEQUIP:70 , 道具使用中:生毛药
TEQUIP:71 , 道具使用中:脱毛剂
TEQUIP:72 , 道具使用中:口服避孕药
TEQUIP:73 , 道具使用中:紧急避孕药
TEQUIP:74 , 道具使用中:避孕之護符
TEQUIP:78 , 道具使用中:淫魔水滴
TEQUIP:79 , 道具使用中:精液储蓄量
TEQUIP:90 , 道具使用中:誓約之巻轴
TEQUIP:91 , 道具使用中:誓約之指环
TEQUIP:94 , 道具使用中:扭曲之时钟
TEQUIP:95 , 道具使用中:化蝶之梦
TEQUIP:96 , 道具使用中:砥砺思维之石
TEQUIP:97 , 道具使用中:等级限制器
TEQUIP:98 , 道具使用中:記憶消去药
TEQUIP:99 , 道具使用中:月之糖果
TEQUIP:101 , 道具使用中:魅魔
TEQUIP:102 , 道具使用中:因普
TEQUIP:103 , 道具使用中:树仙
TEQUIP:104 , 道具使用中:皮克西
TEQUIP:105 , 道具使用中:希尔芙
TEQUIP:106 , 道具使用中:猫又
TEQUIP:107 , 道具使用中:狼女
TEQUIP:108 , 道具使用中:村女
TEQUIP:109 , 道具使用中:V.村女
TEQUIP:110 , 道具使用中:拉米亚
TEQUIP:111 , 道具使用中:哈比
TEQUIP:112 , 道具使用中:蜥蜴女
TEQUIP:113 , 道具使用中:人鱼
TEQUIP:114 , 道具使用中:飞天
TEQUIP:115 , 道具使用中:海妖
TEQUIP:116 , 道具使用中:葛叶
TEQUIP:117 , 道具使用中:梅芙女王
TEQUIP:118 , 道具使用中:阿拉克涅
TEQUIP:119 , 道具使用中:女巫
TEQUIP:120 , 道具使用中:天使
TEQUIP:121 , 道具使用中:路西法
TEQUIP:122 , 道具使用中:女忍
TEQUIP:123 , 道具使用中:白兔
TEQUIP:124 , 道具使用中:莎乐美
TEQUIP:125 , 道具使用中:吸血姬
TEQUIP:126 , 道具使用中:龙骑兵
TEQUIP:127 , 道具使用中:女占卜家
TEQUIP:128 , 道具使用中:女士兵
TEQUIP:129 , 道具使用中:史莱姆
TEQUIP:130 , 道具使用中:独角兽
TEQUIP:131 , 道具使用中:哥布林
TEQUIP:132 , 道具使用中:玛夏
TEQUIP:133 , 道具使用中:宝箱怪
TEQUIP:134 , 道具使用中:斯图娜
TEQUIP:135 , 道具使用中:梅罗娜
TEQUIP:137 , 道具使用中:芙蕾德莉卡
TEQUIP:138 , 道具使用中:爱丝普拉娜
TEQUIP:139 , 道具使用中:莉兹?拉兹
TEQUIP:140 , 道具使用中:萝柯?芭萝柯
TEQUIP:141 , 道具使用中:炸脖龙
TEQUIP:142 , 道具使用中:捆攫妖
TEQUIP:143 , 道具使用中:伽伽鸟
TEQUIP:144 , 道具使用中:小铃
TEQUIP:146 , 道具使用中:克拉拉
TEQUIP:147 , 道具使用中:贝尔娜多忒
TEQUIP:148 , 道具使用中:爱丝忒
TEQUIP:149 , 道具使用中:芬布尔薇特
TEQUIP:150 , 道具使用中:斯黛拉
TEQUIP:152 , 道具使用中:露薇莎
TEQUIP:154 , 道具使用中:梅尔娅
TEQUIP:155 , 道具使用中:少女
TEQUIP:157 , 道具使用中:黒萨菲
TEQUIP:158 , 道具使用中:三月兔
TEQUIP:159 , 道具使用中:朵洛雷丝
TEQUIP:160 , 道具使用中:蜜蜂娘
TEQUIP:161 , 道具使用中:战乙女
TEQUIP:194 , 道具使用中:拉尔斯
TEQUIP:198 , 道具使用中:您
TEQUIP:300 , 道具使用中:瓷質茶匙
TEQUIP:301 , 道具使用中:瓷質茶杯
TEQUIP:302 , 道具使用中:银質茶匙
TEQUIP:303 , 道具使用中:银制茶杯
TEQUIP:304 , 道具使用中:秘银茶匙
TEQUIP:305 , 道具使用中:秘银茶杯
TEQUIP:310 , 道具使用中:罗兹尼尔詩集
TEQUIP:311 , 道具使用中:灼焼思考之炎
TEQUIP:312 , 道具使用中:紋白蝶
TEQUIP:320 , 道具使用中:朦胧手镯
TEQUIP:321 , 道具使用中:朦胧袖饰
TEQUIP:322 , 道具使用中:朦胧手套
TEQUIP:323 , 道具使用中:朦胧绶带
TEQUIP:324 , 道具使用中:朦胧指环
TEQUIP:325 , 道具使用中:朦胧宝石
TEQUIP:330 , 道具使用中:巨根药
TEQUIP:331 , 道具使用中:缩根药
TEQUIP:332 , 道具使用中:剥皮药
TEQUIP:333 , 道具使用中:伸皮药
TEQUIP:334 , 道具使用中:丰胸药
TEQUIP:335 , 道具使用中:贫乳药
TEQUIP:336 , 道具使用中:巨人之药
TEQUIP:337 , 道具使用中:小人之药
TEQUIP:338 , 道具使用中:虹之药
TEQUIP:339 , 道具使用中:桃尻药
TEQUIP:340 , 道具使用中:小臀药
TEQUIP:341 , 道具使用中:淫紋
TEQUIP:401 , 道具使用中:梦魇之比基尼
TEQUIP:402 , 道具使用中:小恶魔打底裤
TEQUIP:410 , 道具使用中:拉米亚之鱗
TEQUIP:411 , 道具使用中:哈比之羽根
TEQUIP:500 , 道具使用中:女教師
TEQUIP:501 , 道具使用中:和服
TEQUIP:502 , 道具使用中:妹抖服
TEQUIP:503 , 道具使用中:体操服
TEQUIP:504 , 道具使用中:护士服
TEQUIP:505 , 道具使用中:旗袍
TEQUIP:506 , 道具使用中:水手服
TEQUIP:507 , 道具使用中:巫女服
TEQUIP:508 , 道具使用中:吊带睡裙
TEQUIP:509 , 道具使用中:婚礼裙装
TEQUIP:510 , 道具使用中:哥特萝莉洋装
TEQUIP:511 , 道具使用中:拉拉队服
TEQUIP:512 , 道具使用中:睡衣
TEQUIP:520 , 道具使用中:比基尼
TEQUIP:521 , 道具使用中:学校泳装
TEQUIP:522 , 道具使用中:糟糕体操紧身服
TEQUIP:523 , 道具使用中:紧缚衣
TEQUIP:524 , 道具使用中:兔女郎装
TEQUIP:525 , 道具使用中:连身泳装
TEQUIP:600 , 道具使用中:小根术
TEQUIP:601 , 道具使用中:高敏术
TEQUIP:602 , 道具使用中:精强术
TEQUIP:603 , 道具使用中:魅强术
TEQUIP:604 , 道具使用中:防强术
TEQUIP:605 , 道具使用中:斯道克
TEQUIP:606 , 道具使用中:回复术
TEQUIP:607 , 道具使用中:倍化术
TEQUIP:608 , 道具使用中:解强化术
TEQUIP:609 , 道具使用中:解弱化术
TEQUIP:610 , 道具使用中:束缚术
TEQUIP:611 , 道具使用中:全强术
TEQUIP:612 , 道具使用中:大根术
TEQUIP:613 , 道具使用中:快感术
,
;●刻印名称へ变换,
MARKNAME:0 , 刻印名称:苦痛刻印
MARKNAME:1 , 刻印名称:快乐刻印
MARKNAME:2 , 刻印名称:屈服刻印
MARKNAME:3 , 刻印名称:反抗刻印
MARKNAME:4 , 刻印名称:反抗刻印之取得履历
MARKNAME:5 , 刻印名称:主人屈服刻印
MARKNAME:6 , 刻印名称:龙奸刻印
MARKNAME:7 , 刻印名称:V龙奸克服刻印
MARKNAME:8 , 刻印名称:淫紋
MARKNAME:9 , 刻印名称:攻略刻印
MARKNAME:10 , 刻印名称:机嫌
,
;●刻印:调教者へ变换,
MARK:PLAYER:0 , 刻印:调教者:苦痛刻印
MARK:PLAYER:1 , 刻印:调教者:快乐刻印
MARK:PLAYER:2 , 刻印:调教者:屈服刻印
MARK:PLAYER:3 , 刻印:调教者:反抗刻印
MARK:PLAYER:4 , 刻印:调教者:反抗刻印之取得履历
MARK:PLAYER:5 , 刻印:调教者:主人屈服刻印
MARK:PLAYER:6 , 刻印:调教者:龙奸刻印
MARK:PLAYER:7 , 刻印:调教者:V龙奸克服刻印
MARK:PLAYER:8 , 刻印:调教者:淫紋
MARK:PLAYER:9 , 刻印:调教者:攻略刻印
MARK:PLAYER:10 , 刻印:调教者:机嫌
,
;●刻印:主人へ变换,
MARK:MASTER:0 , 刻印:主人:苦痛刻印
MARK:MASTER:1 , 刻印:主人:快乐刻印
MARK:MASTER:2 , 刻印:主人:屈服刻印
MARK:MASTER:3 , 刻印:主人:反抗刻印
MARK:MASTER:4 , 刻印:主人:反抗刻印之取得履历
MARK:MASTER:5 , 刻印:主人:主人屈服刻印
MARK:MASTER:6 , 刻印:主人:龙奸刻印
MARK:MASTER:7 , 刻印:主人:V龙奸克服刻印
MARK:MASTER:8 , 刻印:主人:淫紋
MARK:MASTER:9 , 刻印:主人:攻略刻印
MARK:MASTER:10 , 刻印:主人:机嫌
,
;●刻印:助手へ变换,
MARK:ASSI:0 , 刻印:助手:苦痛刻印
MARK:ASSI:1 , 刻印:助手:快乐刻印
MARK:ASSI:2 , 刻印:助手:屈服刻印
MARK:ASSI:3 , 刻印:助手:反抗刻印
MARK:ASSI:4 , 刻印:助手:反抗刻印之取得履历
MARK:ASSI:5 , 刻印:助手:主人屈服刻印
MARK:ASSI:6 , 刻印:助手:龙奸刻印
MARK:ASSI:7 , 刻印:助手:V龙奸克服刻印
MARK:ASSI:8 , 刻印:助手:淫紋
MARK:ASSI:9 , 刻印:助手:攻略刻印
MARK:ASSI:10 , 刻印:助手:机嫌
,
;●刻印:奴隶へ变换,
MARK:TARGET:0 , 刻印:奴隶:苦痛刻印
MARK:TARGET:1 , 刻印:奴隶:快乐刻印
MARK:TARGET:2 , 刻印:奴隶:屈服刻印
MARK:TARGET:3 , 刻印:奴隶:反抗刻印
MARK:TARGET:4 , 刻印:奴隶:反抗刻印之取得履历
MARK:TARGET:5 , 刻印:奴隶:主人屈服刻印
MARK:TARGET:6 , 刻印:奴隶:龙奸刻印
MARK:TARGET:7 , 刻印:奴隶:V龙奸克服刻印
MARK:TARGET:8 , 刻印:奴隶:淫紋
MARK:TARGET:9 , 刻印:奴隶:攻略刻印
MARK:TARGET:10 , 刻印:奴隶:机嫌
,
;●パラ名称へ变换,
PALAMNAME:0 , パラ名称:快C
PALAMNAME:1 , パラ名称:快V
PALAMNAME:2 , パラ名称:快A
PALAMNAME:3 , パラ名称:V润
PALAMNAME:4 , パラ名称:恭顺
PALAMNAME:5 , パラ名称:欲情
PALAMNAME:6 , パラ名称:屈服
PALAMNAME:7 , パラ名称:习得
PALAMNAME:8 , パラ名称:恥情
PALAMNAME:9 , パラ名称:苦痛
PALAMNAME:10 , パラ名称:恐怖
PALAMNAME:11 , パラ名称:反感
PALAMNAME:12 , パラ名称:A润
PALAMNAME:13 , パラ名称:抑郁
PALAMNAME:14 , パラ名称:快B
PALAMNAME:15 , パラ名称:快M
PALAMNAME:16 , パラ名称:P润
PALAMNAME:21 , パラ名称:膣内精液量
PALAMNAME:22 , パラ名称:肠内精液量
PALAMNAME:23 , パラ名称:Extacy
PALAMNAME:24 , パラ名称:连续绝顶COMBO数
PALAMNAME:25 , パラ名称:绝顶回数
PALAMNAME:26 , パラ名称:补正值
PALAMNAME:27 , パラ名称:绝顶部位之記录
,
;●パラ:调教者へ变换,
PALAM:PLAYER:0 , パラ:调教者:快C
PALAM:PLAYER:1 , パラ:调教者:快V
PALAM:PLAYER:2 , パラ:调教者:快A
PALAM:PLAYER:3 , パラ:调教者:V润
PALAM:PLAYER:4 , パラ:调教者:恭顺
PALAM:PLAYER:5 , パラ:调教者:欲情
PALAM:PLAYER:6 , パラ:调教者:屈服
PALAM:PLAYER:7 , パラ:调教者:习得
PALAM:PLAYER:8 , パラ:调教者:恥情
PALAM:PLAYER:9 , パラ:调教者:苦痛
PALAM:PLAYER:10 , パラ:调教者:恐怖
PALAM:PLAYER:11 , パラ:调教者:反感
PALAM:PLAYER:12 , パラ:调教者:A润
PALAM:PLAYER:13 , パラ:调教者:抑郁
PALAM:PLAYER:14 , パラ:调教者:快B
PALAM:PLAYER:15 , パラ:调教者:快M
PALAM:PLAYER:16 , パラ:调教者:P润
PALAM:PLAYER:21 , パラ:调教者:膣内精液量
PALAM:PLAYER:22 , パラ:调教者:肠内精液量
PALAM:PLAYER:23 , パラ:调教者:Extacy
PALAM:PLAYER:24 , パラ:调教者:连续绝顶COMBO数
PALAM:PLAYER:25 , パラ:调教者:绝顶回数
PALAM:PLAYER:26 , パラ:调教者:补正值
PALAM:PLAYER:27 , パラ:调教者:绝顶部位之記录
,
;●パラ:主人へ变换,
PALAM:MASTER:0 , パラ:主人:快C
PALAM:MASTER:1 , パラ:主人:快V
PALAM:MASTER:2 , パラ:主人:快A
PALAM:MASTER:3 , パラ:主人:V润
PALAM:MASTER:4 , パラ:主人:恭顺
PALAM:MASTER:5 , パラ:主人:欲情
PALAM:MASTER:6 , パラ:主人:屈服
PALAM:MASTER:7 , パラ:主人:习得
PALAM:MASTER:8 , パラ:主人:恥情
PALAM:MASTER:9 , パラ:主人:苦痛
PALAM:MASTER:10 , パラ:主人:恐怖
PALAM:MASTER:11 , パラ:主人:反感
PALAM:MASTER:12 , パラ:主人:A润
PALAM:MASTER:13 , パラ:主人:抑郁
PALAM:MASTER:14 , パラ:主人:快B
PALAM:MASTER:15 , パラ:主人:快M
PALAM:MASTER:16 , パラ:主人:P润
PALAM:MASTER:21 , パラ:主人:膣内精液量
PALAM:MASTER:22 , パラ:主人:肠内精液量
PALAM:MASTER:23 , パラ:主人:Extacy
PALAM:MASTER:24 , パラ:主人:连续绝顶COMBO数
PALAM:MASTER:25 , パラ:主人:绝顶回数
PALAM:MASTER:26 , パラ:主人:补正值
PALAM:MASTER:27 , パラ:主人:绝顶部位之記录
,
;●パラ:助手へ变换,
PALAM:ASSI:0 , パラ:助手:快C
PALAM:ASSI:1 , パラ:助手:快V
PALAM:ASSI:2 , パラ:助手:快A
PALAM:ASSI:3 , パラ:助手:V润
PALAM:ASSI:4 , パラ:助手:恭顺
PALAM:ASSI:5 , パラ:助手:欲情
PALAM:ASSI:6 , パラ:助手:屈服
PALAM:ASSI:7 , パラ:助手:习得
PALAM:ASSI:8 , パラ:助手:恥情
PALAM:ASSI:9 , パラ:助手:苦痛
PALAM:ASSI:10 , パラ:助手:恐怖
PALAM:ASSI:11 , パラ:助手:反感
PALAM:ASSI:12 , パラ:助手:A润
PALAM:ASSI:13 , パラ:助手:抑郁
PALAM:ASSI:14 , パラ:助手:快B
PALAM:ASSI:15 , パラ:助手:快M
PALAM:ASSI:16 , パラ:助手:P润
PALAM:ASSI:21 , パラ:助手:膣内精液量
PALAM:ASSI:22 , パラ:助手:肠内精液量
PALAM:ASSI:23 , パラ:助手:Extacy
PALAM:ASSI:24 , パラ:助手:连续绝顶COMBO数
PALAM:ASSI:25 , パラ:助手:绝顶回数
PALAM:ASSI:26 , パラ:助手:补正值
PALAM:ASSI:27 , パラ:助手:绝顶部位之記录
,
;●パラ:奴隶へ变换,
PALAM:TARGET:0 , パラ:奴隶:快C
PALAM:TARGET:1 , パラ:奴隶:快V
PALAM:TARGET:2 , パラ:奴隶:快A
PALAM:TARGET:3 , パラ:奴隶:V润
PALAM:TARGET:4 , パラ:奴隶:恭顺
PALAM:TARGET:5 , パラ:奴隶:欲情
PALAM:TARGET:6 , パラ:奴隶:屈服
PALAM:TARGET:7 , パラ:奴隶:习得
PALAM:TARGET:8 , パラ:奴隶:恥情
PALAM:TARGET:9 , パラ:奴隶:苦痛
PALAM:TARGET:10 , パラ:奴隶:恐怖
PALAM:TARGET:11 , パラ:奴隶:反感
PALAM:TARGET:12 , パラ:奴隶:A润
PALAM:TARGET:13 , パラ:奴隶:抑郁
PALAM:TARGET:14 , パラ:奴隶:快B
PALAM:TARGET:15 , パラ:奴隶:快M
PALAM:TARGET:16 , パラ:奴隶:P润
PALAM:TARGET:21 , パラ:奴隶:膣内精液量
PALAM:TARGET:22 , パラ:奴隶:肠内精液量
PALAM:TARGET:23 , パラ:奴隶:Extacy
PALAM:TARGET:24 , パラ:奴隶:连续绝顶COMBO数
PALAM:TARGET:25 , パラ:奴隶:绝顶回数
PALAM:TARGET:26 , パラ:奴隶:补正值
PALAM:TARGET:27 , パラ:奴隶:绝顶部位之記录
,
;●パラ上升へ变换,
UP:0 , パラ上升:快C
UP:1 , パラ上升:快V
UP:2 , パラ上升:快A
UP:3 , パラ上升:V润
UP:4 , パラ上升:恭顺
UP:5 , パラ上升:欲情
UP:6 , パラ上升:屈服
UP:7 , パラ上升:习得
UP:8 , パラ上升:恥情
UP:9 , パラ上升:苦痛
UP:10 , パラ上升:恐怖
UP:11 , パラ上升:反感
UP:12 , パラ上升:A润
UP:13 , パラ上升:抑郁
UP:14 , パラ上升:快B
UP:15 , パラ上升:快M
UP:16 , パラ上升:P润
UP:21 , パラ上升:膣内精液量
UP:22 , パラ上升:肠内精液量
UP:23 , パラ上升:Extacy
UP:24 , パラ上升:连续绝顶COMBO数
UP:25 , パラ上升:绝顶回数
UP:26 , パラ上升:补正值
UP:27 , パラ上升:绝顶部位之記录
,
;●パラ下降へ变换,
DOWN:0 , パラ下降:快C
DOWN:1 , パラ下降:快V
DOWN:2 , パラ下降:快A
DOWN:3 , パラ下降:V润
DOWN:4 , パラ下降:恭顺
DOWN:5 , パラ下降:欲情
DOWN:6 , パラ下降:屈服
DOWN:7 , パラ下降:习得
DOWN:8 , パラ下降:恥情
DOWN:9 , パラ下降:苦痛
DOWN:10 , パラ下降:恐怖
DOWN:11 , パラ下降:反感
DOWN:12 , パラ下降:A润
DOWN:13 , パラ下降:抑郁
DOWN:14 , パラ下降:快B
DOWN:15 , パラ下降:快M
DOWN:16 , パラ下降:P润
DOWN:21 , パラ下降:膣内精液量
DOWN:22 , パラ下降:肠内精液量
DOWN:23 , パラ下降:Extacy
DOWN:24 , パラ下降:连续绝顶COMBO数
DOWN:25 , パラ下降:绝顶回数
DOWN:26 , パラ下降:补正值
DOWN:27 , パラ下降:绝顶部位之記录
,
;●根源へ变换,
SOURCE:0 , 根源:快C
SOURCE:1 , 根源:快V
SOURCE:2 , 根源:快A
SOURCE:3 , 根源:情爱
SOURCE:4 , 根源:性行动
SOURCE:5 , 根源:达成感
SOURCE:6 , 根源:痛
SOURCE:7 , 根源:成瘾充足
SOURCE:8 , 根源:不潔
SOURCE:9 , 根源:恐怖追加
SOURCE:10 , 根源:液体追加
SOURCE:11 , 根源:欲情追加
SOURCE:12 , 根源:露出
SOURCE:13 , 根源:屈从
SOURCE:14 , 根源:逃脱
SOURCE:15 , 根源:反感追加
SOURCE:16 , 根源:恭顺追加
SOURCE:17 , 根源:快B
SOURCE:18 , 根源:快M
SOURCE:19 , 根源:A液体追加
,
;●通算绝顶回数へ变换,
EX:0 , 通算绝顶回数:C绝顶
EX:1 , 通算绝顶回数:V绝顶
EX:2 , 通算绝顶回数:A绝顶
EX:3 , 通算绝顶回数:B绝顶
EX:4 , 通算绝顶回数:M绝顶
EX:5 , 通算绝顶回数:绝顶数合计
EX:6 , 通算绝顶回数:C绝顶边缘
EX:7 , 通算绝顶回数:V绝顶边缘
EX:8 , 通算绝顶回数:A绝顶边缘
EX:9 , 通算绝顶回数:B绝顶边缘
EX:10 , 通算绝顶回数:M绝顶边缘
EX:11 , 通算绝顶回数:绝顶边缘数合计
EX:12 , 通算绝顶回数:射精
EX:13 , 通算绝顶回数:射精边缘
EX:14 , 通算绝顶回数:暴发
EX:15 , 通算绝顶回数:喷乳
EX:16 , 通算绝顶回数:喷乳边缘
EX:17 , 通算绝顶回数:放尿
EX:18 , 通算绝顶回数:绝顶漏尿
EX:19 , 通算绝顶回数:漏尿边缘
EX:21 , 通算绝顶回数:排泄
EX:22 , 通算绝顶回数:排泄边缘
EX:24 , 通算绝顶回数:处女丧失
EX:25 , 通算绝顶回数:连续绝顶
EX:26 , 通算绝顶回数:同时绝顶
EX:28 , 通算绝顶回数:能量吸收
EX:30 , 通算绝顶回数:V中出
EX:31 , 通算绝顶回数:A中出
EX:32 , 通算绝顶回数:忍住了没丢
EX:33 , 通算绝顶回数:口内射精
EX:34 , 通算绝顶回数:乳内射精
EX:35 , 通算绝顶回数:官能一击
EX:36 , 通算绝顶回数:精液绝顶
EX:37 , 通算绝顶回数:尿道绝顶
EX:38 , 通算绝顶回数:尿道内射精
EX:39 , 通算绝顶回数:尿道绝顶边缘
,
;●调教绝顶回数へ变换,
NOWEX:0 , 调教绝顶回数:C绝顶
NOWEX:1 , 调教绝顶回数:V绝顶
NOWEX:2 , 调教绝顶回数:A绝顶
NOWEX:3 , 调教绝顶回数:B绝顶
NOWEX:4 , 调教绝顶回数:M绝顶
NOWEX:5 , 调教绝顶回数:绝顶数合计
NOWEX:6 , 调教绝顶回数:C绝顶边缘
NOWEX:7 , 调教绝顶回数:V绝顶边缘
NOWEX:8 , 调教绝顶回数:A绝顶边缘
NOWEX:9 , 调教绝顶回数:B绝顶边缘
NOWEX:10 , 调教绝顶回数:M绝顶边缘
NOWEX:11 , 调教绝顶回数:绝顶边缘数合计
NOWEX:12 , 调教绝顶回数:射精
NOWEX:13 , 调教绝顶回数:射精边缘
NOWEX:14 , 调教绝顶回数:暴发
NOWEX:15 , 调教绝顶回数:喷乳
NOWEX:16 , 调教绝顶回数:喷乳边缘
NOWEX:17 , 调教绝顶回数:放尿
NOWEX:18 , 调教绝顶回数:绝顶漏尿
NOWEX:19 , 调教绝顶回数:漏尿边缘
NOWEX:21 , 调教绝顶回数:排泄
NOWEX:22 , 调教绝顶回数:排泄边缘
NOWEX:24 , 调教绝顶回数:处女丧失
NOWEX:25 , 调教绝顶回数:连续绝顶
NOWEX:26 , 调教绝顶回数:同时绝顶
NOWEX:28 , 调教绝顶回数:能量吸收
NOWEX:30 , 调教绝顶回数:V中出
NOWEX:31 , 调教绝顶回数:A中出
NOWEX:32 , 调教绝顶回数:忍住了没丢
NOWEX:33 , 调教绝顶回数:口内射精
NOWEX:34 , 调教绝顶回数:乳内射精
NOWEX:35 , 调教绝顶回数:官能一击
NOWEX:36 , 调教绝顶回数:精液绝顶
NOWEX:37 , 调教绝顶回数:尿道绝顶
NOWEX:38 , 调教绝顶回数:尿道内射精
NOWEX:39 , 调教绝顶回数:尿道绝顶边缘
,
;●汚れへ变换,
STAIN:0 , 汚れ:M
STAIN:1 , 汚れ:手
STAIN:2 , 汚れ:P
STAIN:3 , 汚れ:V
STAIN:4 , 汚れ:A
STAIN:5 , 汚れ:B
STAIN:10 , 汚れ:胖次
STAIN:11 , 汚れ:外套
STAIN:12 , 汚れ:连身衣（下）
STAIN:13 , 汚れ:连身衣（上）
STAIN:14 , 汚れ:服
STAIN:17 , 汚れ:袜
STAIN:18 , 汚れ:手套
STAIN:19 , 汚れ:靴
,
;●汚れ:调教者へ变换,
STAIN:PLAYER:0 , 汚れ:调教者:M
STAIN:PLAYER:1 , 汚れ:调教者:手
STAIN:PLAYER:2 , 汚れ:调教者:P
STAIN:PLAYER:3 , 汚れ:调教者:V
STAIN:PLAYER:4 , 汚れ:调教者:A
STAIN:PLAYER:5 , 汚れ:调教者:B
STAIN:PLAYER:10 , 汚れ:调教者:胖次
STAIN:PLAYER:11 , 汚れ:调教者:外套
STAIN:PLAYER:12 , 汚れ:调教者:连身衣（下）
STAIN:PLAYER:13 , 汚れ:调教者:连身衣（上）
STAIN:PLAYER:14 , 汚れ:调教者:服
STAIN:PLAYER:17 , 汚れ:调教者:袜
STAIN:PLAYER:18 , 汚れ:调教者:手套
STAIN:PLAYER:19 , 汚れ:调教者:靴
,
;●汚れ:主人へ变换,
STAIN:MASTER:0 , 汚れ:主人:M
STAIN:MASTER:1 , 汚れ:主人:手
STAIN:MASTER:2 , 汚れ:主人:P
STAIN:MASTER:3 , 汚れ:主人:V
STAIN:MASTER:4 , 汚れ:主人:A
STAIN:MASTER:5 , 汚れ:主人:B
STAIN:MASTER:10 , 汚れ:主人:胖次
STAIN:MASTER:11 , 汚れ:主人:外套
STAIN:MASTER:12 , 汚れ:主人:连身衣（下）
STAIN:MASTER:13 , 汚れ:主人:连身衣（上）
STAIN:MASTER:14 , 汚れ:主人:服
STAIN:MASTER:17 , 汚れ:主人:袜
STAIN:MASTER:18 , 汚れ:主人:手套
STAIN:MASTER:19 , 汚れ:主人:靴
,
;●汚れ:助手へ变换,
STAIN:ASSI:0 , 汚れ:助手:M
STAIN:ASSI:1 , 汚れ:助手:手
STAIN:ASSI:2 , 汚れ:助手:P
STAIN:ASSI:3 , 汚れ:助手:V
STAIN:ASSI:4 , 汚れ:助手:A
STAIN:ASSI:5 , 汚れ:助手:B
STAIN:ASSI:10 , 汚れ:助手:胖次
STAIN:ASSI:11 , 汚れ:助手:外套
STAIN:ASSI:12 , 汚れ:助手:连身衣（下）
STAIN:ASSI:13 , 汚れ:助手:连身衣（上）
STAIN:ASSI:14 , 汚れ:助手:服
STAIN:ASSI:17 , 汚れ:助手:袜
STAIN:ASSI:18 , 汚れ:助手:手套
STAIN:ASSI:19 , 汚れ:助手:靴
,
;●汚れ:奴隶へ变换,
STAIN:TARGET:0 , 汚れ:奴隶:M
STAIN:TARGET:1 , 汚れ:奴隶:手
STAIN:TARGET:2 , 汚れ:奴隶:P
STAIN:TARGET:3 , 汚れ:奴隶:V
STAIN:TARGET:4 , 汚れ:奴隶:A
STAIN:TARGET:5 , 汚れ:奴隶:B
STAIN:TARGET:10 , 汚れ:奴隶:胖次
STAIN:TARGET:11 , 汚れ:奴隶:外套
STAIN:TARGET:12 , 汚れ:奴隶:连身衣（下）
STAIN:TARGET:13 , 汚れ:奴隶:连身衣（上）
STAIN:TARGET:14 , 汚れ:奴隶:服
STAIN:TARGET:17 , 汚れ:奴隶:袜
STAIN:TARGET:18 , 汚れ:奴隶:手套
STAIN:TARGET:19 , 汚れ:奴隶:靴
