;0-22世界地图

;01 广州 02 北京 03 上海 04 东京 05 海参崴 06 圣彼得堡 07 新德里 08 悉尼 09 新加坡 0A 里约热内卢 0B 火地岛 0C 开罗 0D 直布罗陀 0E 埃德蒙顿 0F 开普敦
;10 新地岛 11 罗马 12 达尔文 13 加尔各答 14 德黑兰 15 突尼斯 16 西安 17 安克雷奇 18 百慕大 19 惠灵顿 1A 夏威夷 1B 巴拿马 1C 纽约 1D 旧金山 1E 里斯本 1F 温哥华

00,　　　　　　　　　　　　　　　　　　　　　　　　　　　　　　　　　　　　　　　　　　　　　　　　　　　　　　　　■■■　　　　　■■　
01,　　　　　　　　　　　　　　　　　　　　　　　　　　　　　　　　　　　　　　　　　　　　　　　　　　　　　　　■■■■■　■■■■■　
02,　　　　　　　　　　　　　　　　　　　　　　　　　　■　　　　　　　　　　　　　　　　　　　　　　　　　　　　　■　　■■■■■■■■
03,　　　　　　　　　　　　　　　　　　　　　　　■■■■■　　　　　　　　　　　　　　　　　　　　　■　　　　　　　　　　■■■■■■■
04,　　　　　　　　　　　　　　　　　■　　10　■■■■■■■■■　■■■　　　　　　　　　　　　　　■■■■　　　■■　　　　■■■■　
05,　　　　　　　　　　　■■■　　■■■■■■■■■■■■■■■■■■■■■■■■■　■■■■■■■■■　　　■■　■■　　　■■　　　
06,　　　　　　　　　　■■■■■■■■■■■■■■■■■■■■■■■■■■■■■■　■■■■■■■■■■■■■■■■　■■　　　　　　　
07,　　　　　　　■　■■　06■■■■■■■■■■■■■■■■■■■■■■■■■　　　　■17　　■■■■■0E■■　　　■■■　　　　　　　
08,　　　　　　　　■■　■■■■■■■■■■■■■■■■■■02■■05　　■　　　　　　　　　　　　1F■■■■■■■■■■■■　　　　　　
09,　　　　　　　1E■■■■■■■■■■■■■■■■■■16■■■■　■　　　　　　　　　　　　　　　　■■■■■■■■■■■■　　　　　　
10,　　　　　　0D　　　■11■　■■　■■■■■■■■■■■■■03　　04■　　　　　　　　　　　　　　　1D■■■■■■1C　　　　　　　　　
11,　　　　　　■■■15　　　■■■14■■■■07■■■■■■■　　　■　　　　　　　　　　　　　　　　　■■■■■■■　　　　18　　　　　
12,　　　　　■■■■■■■■　■■■■■■■■■■13■■01■　　　　　　　　　　　　　　　　　　　　　　　■■　　　　　　　　　　　　　
13,　　　　　■■■■■■■■0C　■■■　　　■■　　■■　　■　　　　　　　　　　　　　1A　　　　　　　　　■■1B　　　　　　　　　　　
14,　　　　　■■■■■■■■■　■■　　　　■　　　09　　　　　　　　　　　　　　　　　　　　　　　　　　　　　　■■■■■　　　　　　
15,　　　　　　　　　■■■■■■　　　　　　　　　■　　■■　　　　　　　　　　　　　　　　　　　　　　　　　　　　■■■■■■　　　　
16,　　　　　　　　　　■■■■■　　　　　　　　　　■■■　　12■■　　　　　　　　　　　　　　　　　　　　　　　　■■■■■■■■　　
17,　　　　　　　　　　■■■■　■　　　　　　　　　　　　　■■■■■　　　　　　　　　　　　　　　　　　　　　　　　　■■■■0A　　　
18,　　　　　　　　　　■■■　■　　　　　　　　　　　　　■■■■■■■　　　　　　　　　　　　　　　　　　　　　　　　■■■　　　　　
19,　　　　　　　　　　　0F　　　　　　　　　　　　　　　　■■　　■08　　　　■　　　　　　　　　　　　　　　　　　　■■■　　　　　　
20,　　　　　　　　　　　　　　　　　　　　　　　　　　　　　　　　■　　　　■19　　　　　　　　　　　　　　　　　　　■■　　　　　　　
21,　　　　　　　　　　　　　　　　　　　　　　　　　　　　　　　　　　　　　　　　　　　　　　　　　　　　　　　　　　0B　　　　　　　　

;29 ~ 60 城市的名字
29,广州
30,北京
31,上海
32,东京
33,海参崴
34,圣彼得堡
35,新德里
36,悉尼
37,新加坡
38,里约热内卢
39,火地岛
40,开罗
41,直布罗陀
42,埃德蒙顿
43,开普敦
44,新地岛
45,罗马
46,达尔文
47,加尔各答
48,德黑兰
49,突尼斯
50,西安
51,安克雷奇
52,百慕大
53,惠灵顿
54,夏威夷
55,巴拿马
56,纽约
57,旧金山
58,里斯本
59,温哥华