1,顔面骑乘
3,自慰
11,按摩棒
;0bit细い, 1bit普通, 2bit大, 3bit超粗, 4bit手臂尺寸, 5bit马尺寸, 
;10bit双头タイプ, 11bitパールタイプ
12,导尿管
13,肛用按摩棒
;0bit细い, 1bit普通, 2bit大, 3bit超粗, 4bit手臂尺寸, 5bit马尺寸, 
;10bit双头タイプ, 11bitパールタイプ
14,阴蒂夹
15,乳头夹
16,搾乳机
17,飞机杯
18,淋浴
19,跳蛋插入

;体位は插入されてる角色之み
20,体位
;～9bit	体位
;10bit	Ｖ性交
;11bit	Ａ性交
;12bit	尿道性交
;1bit 润滑液按摩選択标志
;插入している側で标志管理
21,Ｖ插入
22,Ａ插入
23,尿道插入

;23
24,称賛
25,称賛指令から之派生标志
26,特殊行动
;0bit狂野摇摆　1bit双枪拳交　2bit能量吸收　3bit等级吸取
;27,
;2bit 润滑液按摩实行済み标志
28,排卵诱发剂
29,爱之圈套
30,逆推
31,高潮管理
32,Ｗ逆推
33,甜言蜜语
34,爱抚
35,屋内露出PLAY
36,逆调教
37,自慰

40,深喉口交

43,眼罩
44,拘束
45,口枷
; == 1 球形口枷
; == 2 张口环
46,灌肠
; 0bit 空气灌肠
; 1bit 灌肠（少なめ）
; 2bit 灌肠（規定量）
; 3bit 灌肠（大量）
; 4bit 灌肠（超大量）
; 9bit 肛用按摩棒
;10bit 精液灌肠标志
;11bit 温泉灌肠标志
;47,
48,扩张扩张气囊
;== 1 膣
;== 2 肛门
49,尿道ブジー
5,胸爱抚
50,润滑液
51,媚药
52,利尿剂
53,摄像机
54,野外PLAY
;0bit 人里, 1bit 森林, 2bit 花園, 3bit 水边
55,女王大人PLAY
;值之増加によってできるPLAYが増える。
56,肌肉松弛剂
;0bit 肛门, 1bit 尿道, 2bit Ｖ, 3bit 子宮口
57,羞恥PLAY
58,浴室PLAY
59,新婚PLAY
6,接吻
60,３Ｐ
61,浴室上り

64,药品
;&1 镇静剂
65,演奏中
66,薫香
67,沐浴剂
69,六九式

84,逆肛交插入
85,逆插入
89,运命检閲
;0bit 爱抚, 1bit Ｖ, 2bit胸, 3bit接吻, 4bitＡ, 5bit咏唱
90,触手
91,触手乳头奸
95,足交
;97,暫定的に、主动夜袭事件之人数管理で一时使用

98,触手口辱

